Item number,Name,Family,Interface,Sensor type,Manufacturer,Frame rate,Resolution (h x v),Optical Area,Shutter,Optical class,Resolution,Pixel size,IP code,Data sheet
GV-5040CP-C-HQ: AB02611GV-5040CP-M-GL: AB02612,GV-5040CP,CP,GigE,CMOS,Sony,76.0 fps,1456 x 1088,5.023 mm x 3.753 mm,Global Shutter,"1/3""",1.58 MPix,3.5 µm,IP30,GV-5040CP-C-HQGV-5040CP-M-GL
UI-3370SE-C-HQ: AB02632UI-3370SE-M-GL: AB02633,UI-3370SE,SE,USB 3.1 Gen. 1,CMOS,CMOSIS,80.0 fps,2048 x 2048,11.264 mm x 11.264 mm,Global Shutter,"1""",4.19 MPix,5.5 µm,IP30,UI-3370SE-C-HQUI-3370SE-M-GL
UI-3371SE-C-HQ: AB02634UI-3371SE-M-GL: AB02635,UI-3371SE,SE,USB 3.1 Gen. 1,CMOS,CMOSIS,80.0 fps,2048 x 2048,11.264 mm x 11.264 mm,Global Shutter,"1""",4.19 MPix,5.5 µm,No,UI-3371SE-C-HQUI-3371SE-M-GL
UI-3372SE-C: AB02630UI-3372SE-M: AB02631,UI-3372SE,SE,USB 3.1 Gen. 1,CMOS,CMOSIS,80.0 fps,2048 x 2048,11.264 mm x 11.264 mm,Global Shutter,"1""",4.19 MPix,5.5 µm,No,UI-3372SE-CUI-3372SE-M
AB.0010.1.50600.23,UI-1120SE,SE,USB 2.0,CMOS,NIT,50.0 fps,768 x 576,7.680 mm x 5.760 mm,Rolling Shutter,"1/1.8""",0.44 MPix,10 µm,IP30,UI-1120SE-M-GL
UI-1220LE-C-HQ: AB.0010.1.22400.00UI-1220LE-M-GL: AB.0010.1.25600.23,UI-1220LE,LE,USB 2.0,CMOS,ON Semiconductor,87.2 fps,752 x 480,4.512 mm x 2.880 mm,Global Shutter,"1/3""",0.36 MPix,6.0 µm,IP30,UI-1220LE-C-HQUI-1220LE-M-GL
UI-1220SE-C-HQ: AB.0010.1.09610.24UI-1220SE-M-GL: AB.0010.1.10610.13,UI-1220SE,SE,USB 2.0,CMOS,ON Semiconductor,87.2 fps,752 x 480,4.512 mm x 2.880 mm,Global Shutter,"1/3""",0.36 MPix,6.0 µm,IP30,UI-1220SE-C-HQUI-1220SE-M-GL
UI-1221LE-C-HQ: AB.0010.1.22500.00UI-1221LE-M-GL: AB.0010.1.25700.23,UI-1221LE,LE,USB 2.0,CMOS,ON Semiconductor,87.2 fps,752 x 480,4.512 mm x 2.880 mm,Global Shutter,"1/3""",0.36 MPix,6.0 µm,No,UI-1221LE-C-HQUI-1221LE-M-GL
UI-1222LE-C: AB.0010.1.25500.00UI-1222LE-M: AB.0010.1.25900.00,UI-1222LE,LE,USB 2.0,CMOS,ON Semiconductor,87.2 fps,752 x 480,4.512 mm x 2.880 mm,Global Shutter,"1/3""",0.36 MPix,6.0 µm,No,UI-1222LE-CUI-1222LE-M
UI-1240LE-C-HQ: AB.0010.1.47800.24UI-1240LE-M-GL: AB.0010.1.47900.23UI-1240LE-NIR-GL: AB00189,UI-1240LE,LE,USB 2.0,CMOS,e2v,25.8 fps,1280 x 1024,6.784 mm x 5.427 mm,"Global Shutter, Global Start Shutter, Rolling Shutter","1/1.8""",1.31 MPix,5.3 µm,IP30,UI-1240LE-C-HQUI-1240LE-M-GLUI-1240LE-NIR-GL
UI-1240ML-C-HQ: AB00182UI-1240ML-M-GL: AB00183UI-1240ML-NIR-GL: AB00184,UI-1240ML,ML,USB 2.0,CMOS,e2v,25.8 fps,1280 x 1024,6.784 mm x 5.427 mm,"Global Shutter, Global Start Shutter, Rolling Shutter","1/1.8""",1.31 MPix,5.3 µm,IP30,UI-1240ML-C-HQUI-1240ML-M-GLUI-1240ML-NIR-GL
UI-1240SE-C-HQ: AB.0010.1.46400.24UI-1240SE-M-GL: AB.0010.1.46500.23UI-1240SE-NIR-GL: AB00080,UI-1240SE,SE,USB 2.0,CMOS,e2v,25.8 fps,1280 x 1024,6.784 mm x 5.427 mm,"Global Shutter, Global Start Shutter, Rolling Shutter","1/1.8""",1.31 MPix,5.3 µm,IP30,UI-1240SE-C-HQUI-1240SE-M-GLUI-1240SE-NIR-GL
UI-1241LE-C-HQ: AB.0010.1.48000.24UI-1241LE-M-GL: AB.0010.1.48100.23UI-1241LE-NIR-GL: AB00190,UI-1241LE,LE,USB 2.0,CMOS,e2v,25.8 fps,1280 x 1024,6.784 mm x 5.427 mm,"Global Shutter, Global Start Shutter, Rolling Shutter","1/1.8""",1.31 MPix,5.3 µm,No,UI-1241LE-C-HQUI-1241LE-M-GLUI-1241LE-NIR-GL
UI-1242LE-C: AB.0010.1.48400.24UI-1242LE-M: AB.0010.1.48500.23UI-1242LE-NIR: AB00191,UI-1242LE,LE,USB 2.0,CMOS,e2v,25.8 fps,1280 x 1024,6.784 mm x 5.427 mm,"Global Shutter, Global Start Shutter, Rolling Shutter","1/1.8""",1.31 MPix,5.3 µm,No,UI-1242LE-CUI-1242LE-MUI-1242LE-NIR
UI-1250LE-C-HQ: AB00353UI-1250LE-M-GL: AB00354,UI-1250LE,LE,USB 2.0,CMOS,e2v,17.6 fps,1600 x 1200,7.200 mm x 5.400 mm,"Global Shutter, Global Start Shutter, Rolling Shutter","1/1.8""",1.92 MPix,4.5 µm,IP30,UI-1250LE-C-HQUI-1250LE-M-GL
UI-1250ML-C-HQ: AB00330UI-1250ML-M-GL: AB00331,UI-1250ML,ML,USB 2.0,CMOS,e2v,17.6 fps,1600 x 1200,7.200 mm x 5.400 mm,"Global Shutter, Global Start Shutter, Rolling Shutter","1/1.8""",1.92 MPix,4.5 µm,IP30,UI-1250ML-C-HQUI-1250ML-M-GL
UI-1250SE-C-HQ: AB00332UI-1250SE-M-GL: AB00253,UI-1250SE,SE,USB 2.0,CMOS,e2v,17.6 fps,1600 x 1200,7.200 mm x 5.400 mm,"Global Shutter, Global Start Shutter, Rolling Shutter","1/1.8""",1.92 MPix,4.5 µm,IP30,UI-1250SE-C-HQUI-1250SE-M-GL
UI-1251LE-C-HQ: AB00333UI-1251LE-M-GL: AB00334,UI-1251LE,LE,USB 2.0,CMOS,e2v,17.6 fps,1600 x 1200,7.200 mm x 5.400 mm,"Global Shutter, Global Start Shutter, Rolling Shutter","1/1.8""",1.92 MPix,4.5 µm,No,UI-1251LE-C-HQUI-1251LE-M-GL
UI-1252LE-C: AB00335UI-1252LE-M: AB00336,UI-1252LE,LE,USB 2.0,CMOS,e2v,17.6 fps,1600 x 1200,7.200 mm x 5.400 mm,"Global Shutter, Global Start Shutter, Rolling Shutter","1/1.8""",1.92 MPix,4.5 µm,No,UI-1252LE-CUI-1252LE-M
AB.0010.1.27200.00,UI-1460LE,LE,USB 2.0,CMOS,ON Semiconductor,11.2 fps,2048 x 1536,6.554 mm x 4.915 mm,Rolling Shutter,"1/2""",3.15 MPix,3.2 µm,IP30,UI-1460LE-C-HQ
AB.0010.1.09510.24,UI-1460SE,SE,USB 2.0,CMOS,ON Semiconductor,11.2 fps,2048 x 1536,6.554 mm x 4.915 mm,Rolling Shutter,"1/2""",3.15 MPix,3.2 µm,IP30,UI-1460SE-C-HQ
AB.0010.1.27300.00,UI-1461LE,LE,USB 2.0,CMOS,ON Semiconductor,11.2 fps,2048 x 1536,6.554 mm x 4.915 mm,Rolling Shutter,"1/2""",3.15 MPix,3.2 µm,No,UI-1461LE-C-HQ
AB.0010.1.27500.00,UI-1462LE,LE,USB 2.0,CMOS,ON Semiconductor,11.2 fps,2048 x 1536,6.554 mm x 4.915 mm,Rolling Shutter,"1/2""",3.15 MPix,3.2 µm,No,UI-1462LE-C
AB.0010.1.34200.23,UI-1480LE,LE,USB 2.0,CMOS,ON Semiconductor,6.3 fps,2560 x 1920,5.632 mm x 4.224 mm,"Global Start Shutter, Rolling Shutter","1/2""",4.92 MPix,2.2 µm,IP30,UI-1480LE-M-GL
AB.0010.1.33600.23,UI-1480SE,SE,USB 2.0,CMOS,ON Semiconductor,6.3 fps,2560 x 1920,5.632 mm x 4.224 mm,"Global Start Shutter, Rolling Shutter","1/2""",4.92 MPix,2.2 µm,IP30,UI-1480SE-M-GL
AB.0010.1.34300.23,UI-1481LE,LE,USB 2.0,CMOS,ON Semiconductor,6.3 fps,2560 x 1920,5.632 mm x 4.224 mm,"Global Start Shutter, Rolling Shutter","1/2""",4.92 MPix,2.2 µm,No,UI-1481LE-M-GL
AB.0010.1.34500.00,UI-1482LE,LE,USB 2.0,CMOS,ON Semiconductor,6.3 fps,2560 x 1920,5.632 mm x 4.224 mm,"Global Start Shutter, Rolling Shutter","1/2""",4.92 MPix,2.2 µm,No,UI-1482LE-M
UI-1490LE-C-HQ: AB.0010.1.45300.24UI-1490LE-M-GL: AB.0010.1.52200.23,UI-1490LE,LE,USB 2.0,CMOS,ON Semiconductor,3.2 fps,3840 x 2748,6.413 mm x 4.589 mm,Rolling Shutter,"1/2""",10.55 MPix,1.7 µm,IP30,UI-1490LE-C-HQUI-1490LE-M-GL
UI-1490SE-C-HQ: AB.0010.1.41600.24UI-1490SE-M-GL: AB.0010.1.52500.23,UI-1490SE,SE,USB 2.0,CMOS,ON Semiconductor,3.2 fps,3840 x 2748,6.413 mm x 4.589 mm,Rolling Shutter,"1/2""",10.55 MPix,1.7 µm,IP30,UI-1490SE-C-HQUI-1490SE-M-GL
UI-1491LE-C-HQ: AB.0010.1.45400.24UI-1491LE-M-GL: AB.0010.1.52300.23,UI-1491LE,LE,USB 2.0,CMOS,ON Semiconductor,3.2 fps,3840 x 2748,6.413 mm x 4.589 mm,Rolling Shutter,"1/2""",10.55 MPix,1.7 µm,No,UI-1491LE-C-HQUI-1491LE-M-GL
UI-1492LE-C: AB.0010.1.45600.00UI-1492LE-M: AB.0010.1.52400.00,UI-1492LE,LE,USB 2.0,CMOS,ON Semiconductor,3.2 fps,3840 x 2748,6.413 mm x 4.589 mm,Rolling Shutter,"1/2""",10.55 MPix,1.7 µm,No,UI-1492LE-CUI-1492LE-M
AB.0010.1.26400.23,UI-1540LE,LE,USB 2.0,CMOS,ON Semiconductor,25.0 fps,1280 x 1024,6.656 mm x 5.325 mm,Rolling Shutter,"1/2""",1.31 MPix,5.2 µm,IP30,UI-1540LE-M-GL
AB.0010.1.10510.23,UI-1540SE,SE,USB 2.0,CMOS,ON Semiconductor,25.0 fps,1280 x 1024,6.656 mm x 5.325 mm,Rolling Shutter,"1/2""",1.31 MPix,5.2 µm,IP30,UI-1540SE-M-GL
AB.0010.1.26500.23,UI-1541LE,LE,USB 2.0,CMOS,ON Semiconductor,25.0 fps,1280 x 1024,6.656 mm x 5.325 mm,Rolling Shutter,"1/2""",1.31 MPix,5.2 µm,No,UI-1541LE-M-GL
AB.0010.1.26700.00,UI-1542LE,LE,USB 2.0,CMOS,ON Semiconductor,25.0 fps,1280 x 1024,6.656 mm x 5.325 mm,Rolling Shutter,"1/2""",1.31 MPix,5.2 µm,No,UI-1542LE-M
AB.0010.1.28600.00,UI-1550LE,LE,USB 2.0,CMOS,ON Semiconductor,18.3 fps,1600 x 1200,4.480 mm x 3.360 mm,Rolling Shutter,"1/3""",1.92 MPix,2.8 µm,IP30,UI-1550LE-C-HQ
AB.0010.1.33000.00,UI-1550SE,SE,USB 2.0,CMOS,ON Semiconductor,18.3 fps,1600 x 1200,4.480 mm x 3.360 mm,Rolling Shutter,"1/3""",1.92 MPix,2.8 µm,IP30,UI-1550SE-C-HQ
AB.0010.1.28700.00,UI-1551LE,LE,USB 2.0,CMOS,ON Semiconductor,18.3 fps,1600 x 1200,4.480 mm x 3.360 mm,Rolling Shutter,"1/3""",1.92 MPix,2.8 µm,No,UI-1551LE-C-HQ
Error 'Frame rate' occurred
AB.0010.1.28800.00,UI-1552LE,LE,USB 2.0,CMOS,ON Semiconductor,18.3 fps,1600 x 1200,4.480 mm x 3.360 mm,Rolling Shutter,"1/3""",1.92 MPix,2.8 µm,No,UI-1552LE-C
Error 'Frame rate' occurred
AB00087,UI-1580LE,LE,USB 2.0,CMOS,ON Semiconductor,6.3 fps,2560 x 1920,5.632 mm x 4.224 mm,"Global Start Shutter, Rolling Shutter","1/2""",4.92 MPix,2.2 µm,IP30,UI-1580LE-C-HQ
AB00088,UI-1580SE,SE,USB 2.0,CMOS,ON Semiconductor,6.3 fps,2560 x 1920,5.632 mm x 4.224 mm,"Global Start Shutter, Rolling Shutter","1/2""",4.92 MPix,2.2 µm,IP30,UI-1580SE-C-HQ
AB00149,UI-1581LE,LE,USB 2.0,CMOS,ON Semiconductor,6.3 fps,2560 x 1920,5.632 mm x 4.224 mm,"Global Start Shutter, Rolling Shutter","1/2""",4.92 MPix,2.2 µm,No,UI-1581LE-C-HQ
AB00255,UI-1582LE,LE,USB 2.0,CMOS,ON Semiconductor,6.3 fps,2560 x 1920,5.632 mm x 4.224 mm,"Global Start Shutter, Rolling Shutter","1/2""",4.92 MPix,2.2 µm,No,UI-1582LE-C
AB.0010.1.28000.00,UI-1640LE,LE,USB 2.0,CMOS,ON Semiconductor,25.0 fps,1280 x 1024,4.608 mm x 3.686 mm,Rolling Shutter,"1/3""",1.31 MPix,3.6 µm,IP30,UI-1640LE-C-HQ
AB.0010.1.32900.00,UI-1640SE,SE,USB 2.0,CMOS,ON Semiconductor,25.0 fps,1280 x 1024,4.608 mm x 3.686 mm,Rolling Shutter,"1/3""",1.31 MPix,3.6 µm,IP30,UI-1640SE-C-HQ
AB.0010.1.28100.00,UI-1641LE,LE,USB 2.0,CMOS,ON Semiconductor,25.0 fps,1280 x 1024,4.608 mm x 3.686 mm,Rolling Shutter,"1/3""",1.31 MPix,3.6 µm,No,UI-1641LE-C-HQ
AB.0010.1.28200.00,UI-1642LE,LE,USB 2.0,CMOS,ON Semiconductor,25.0 fps,1280 x 1024,4.608 mm x 3.686 mm,Rolling Shutter,"1/3""",1.31 MPix,3.6 µm,No,UI-1642LE-C
UI-3000SE-C-HQ: AB02361UI-3000SE-M-GL: AB02362,UI-3000SE,SE,USB 3.1 Gen. 1,CMOS,Sony,31.0 fps,4104 x 3006,14.158 mm x 10.370 mm,Global Shutter,"1.1""",12.34 MPix,3.5 µm,IP30,UI-3000SE-C-HQUI-3000SE-M-GL
UI-3001SE-C-HQ: AB02363UI-3001SE-M-GL: AB02364,UI-3001SE,SE,USB 3.1 Gen. 1,CMOS,Sony,31.0 fps,4104 x 3006,14.158 mm x 10.370 mm,Global Shutter,"1.1""",12.34 MPix,3.5 µm,No,UI-3001SE-C-HQUI-3001SE-M-GL
UI-3002SE-C: AB02365UI-3002SE-M: AB02366,UI-3002SE,SE,USB 3.1 Gen. 1,CMOS,Sony,31.0 fps,4104 x 3006,14.158 mm x 10.370 mm,Global Shutter,"1.1""",12.34 MPix,3.5 µm,No,UI-3002SE-CUI-3002SE-M
AB00582,UI-3013XC,XC,USB 3.0,CMOS,Sony,1.0 fps,4192 x 3104,5.900 mm x 4.400 mm,Rolling Shutter,"1/2.45""",13.01 MPix,1.4 µm,IP30,UI-3013XC-C
Error 'Frame rate' occurred
Error 'Item number' occurred
UI-3060CP-C-HQ Rev.2: AB00605UI-3060CP-M-GL Rev.2: AB00604,UI-3060CP Rev. 2,CP,USB 3.0,CMOS,Sony,166 fps,1936 x 1216,11.345 mm x 7.126 mm,Global Shutter,"1/1.2""",2.35 MPix,5.9 µm,IP30,UI-3060CP-C-HQ Rev.2UI-3060CP-M-GL Rev.2
UI-3070CP-C-HQ Rev.2: AB00968UI-3070CP-M-GL Rev.2: AB00967,UI-3070CP Rev. 2,CP,USB 3.0,CMOS,Sony,123 fps,2056 x 1542,7.093 mm x 5.320 mm,Global Shutter,"1/1.8""",3.17 MPix,3.5 µm,IP30,UI-3070CP-C-HQ Rev.2UI-3070CP-M-GL Rev.2
UI-3080CP-C-HQ Rev.2: AB00849UI-3080CP-M-GL Rev.2: AB00848,UI-3080CP Rev. 2,CP,USB 3.0,CMOS,Sony,77.0 fps,2456 x 2054,8.473 mm x 7.086 mm,Global Shutter,"2/3""",5.04 MPix,3.5 µm,IP30,UI-3080CP-C-HQ Rev.2UI-3080CP-M-GL Rev.2
UI-3080SE-C-HQ: AB00985UI-3080SE-M-GL: AB00986,UI-3080SE,SE,USB 3.1 Gen. 1,CMOS,Sony,77.0 fps,2456 x 2054,8.473 mm x 7.086 mm,Global Shutter,"2/3""",5.04 MPix,3.5 µm,IP30,UI-3080SE-C-HQUI-3080SE-M-GL
UI-3081SE-C-HQ: AB00987UI-3081SE-M-GL: AB00988,UI-3081SE,SE,USB 3.1 Gen. 1,CMOS,Sony,77.0 fps,2456 x 2054,8.473 mm x 7.086 mm,Global Shutter,"2/3""",5.04 MPix,3.5 µm,No,UI-3081SE-C-HQUI-3081SE-M-GL
UI-3082SE-C: AB00989UI-3082SE-M: AB00990,UI-3082SE,SE,USB 3.1 Gen. 1,CMOS,Sony,77.0 fps,2456 x 2054,8.473 mm x 7.086 mm,Global Shutter,"2/3""",5.04 MPix,3.5 µm,No,UI-3082SE-CUI-3082SE-M
UI-3090SE-C-HQ: AB02271UI-3090SE-M-GL: AB02272,UI-3090SE,SE,USB 3.1 Gen. 1,CMOS,Sony,40.0 fps,4104 x 2174,14.158 mm x 7.500 mm,Global Shutter,"1""",8.92 MPix,3.5 µm,IP30,UI-3090SE-C-HQUI-3090SE-M-GL
UI-3091SE-C-HQ: AB02273UI-3091SE-M-GL: AB02274,UI-3091SE,SE,USB 3.1 Gen. 1,CMOS,Sony,40.0 fps,4104 x 2174,14.158 mm x 7.500 mm,Global Shutter,"1""",8.92 MPix,3.5 µm,No,UI-3091SE-C-HQUI-3091SE-M-GL
Error 'Item number' occurred
UI-3130CP-C-HQ Rev.2: AB00690UI-3130CP-M-GL Rev.2: AB00689,UI-3130CP Rev. 2,CP,USB 3.0,CMOS,ON Semiconductor,575 fps,800 x 600,3.840 mm x 2.880 mm,Global Shutter,"1/3.6""",0.48 MPix,4.8 µm,IP30,UI-3130CP-C-HQ Rev.2UI-3130CP-M-GL Rev.2
UI-3130LE-C-HQ: AB00892UI-3130LE-M-GL: AB00893,UI-3130LE,LE,USB 3.1 Gen. 1,CMOS,ON Semiconductor,135 fps,808 x 608,3.875 mm x 2.915 mm,Global Shutter,"1/3.6""",0.49 MPix,4.8 µm,IP30,UI-3130LE-C-HQUI-3130LE-M-GL
UI-3131LE-C-HQ: AB00894UI-3131LE-M-GL: AB00895,UI-3131LE,LE,USB 3.1 Gen. 1,CMOS,ON Semiconductor,135 fps,808 x 608,3.875 mm x 2.915 mm,Global Shutter,"1/3.6""",0.49 MPix,4.8 µm,No,UI-3131LE-C-HQUI-3131LE-M-GL
UI-3131LE-C-HQ-VU: AB02195UI-3131LE-M-GL-VU: AB02196,UI-3131LE VU,LE,USB 3.1 Gen. 1,CMOS,ON Semiconductor,135 fps,808 x 608,3.875 mm x 2.915 mm,Global Shutter,"1/3.6""",0.49 MPix,4.8 µm,No,UI-3131LE-C-HQ-VUUI-3131LE-M-GL-VU
UI-3132LE-C: AB00896UI-3132LE-M: AB00897,UI-3132LE,LE,USB 3.1 Gen. 1,CMOS,ON Semiconductor,135 fps,808 x 608,3.875 mm x 2.915 mm,Global Shutter,"1/3.6""",0.49 MPix,4.8 µm,No,UI-3132LE-CUI-3132LE-M
UI-3132LE-C-VU: AB02197UI-3132LE-M-VU: AB02198,UI-3132LE VU,LE,USB 3.1 Gen. 1,CMOS,ON Semiconductor,135 fps,808 x 608,3.875 mm x 2.915 mm,Global Shutter,"1/3.6""",0.49 MPix,4.8 µm,No,UI-3132LE-C-VUUI-3132LE-M-VU
UI-3134LE-C-HQ: AB02073UI-3134LE-M-GL: AB02074,UI-3134LE,LE,USB 3.1 Gen. 1,CMOS,ON Semiconductor,135 fps,808 x 608,3.875 mm x 2.915 mm,Global Shutter,"1/3.6""",0.49 MPix,4.8 µm,No,UI-3134LE-C-HQUI-3134LE-M-GL
UI-3134LE-C-HQ-VU: AB02199UI-3134LE-M-GL-VU: AB02200,UI-3134LE VU,LE,USB 3.1 Gen. 1,CMOS,ON Semiconductor,135 fps,808 x 608,3.875 mm x 2.915 mm,Global Shutter,"1/3.6""",0.49 MPix,4.8 µm,No,UI-3134LE-C-HQ-VUUI-3134LE-M-GL-VU
UI-3140CP-C-HQ Rev.2: AB00614UI-3140CP-M-GL Rev.2: AB00613,UI-3140CP Rev. 2,CP,USB 3.0,CMOS,ON Semiconductor,224 fps,1280 x 1024,6.144 mm x 4.915 mm,Global Shutter,"1/2""",1.31 MPix,4.8 µm,IP30,UI-3140CP-C-HQ Rev.2UI-3140CP-M-GL Rev.2
UI-3160CP-C-HQ Rev.2.1: AB02543UI-3160CP-M-GL Rev.2.1: AB02544,UI-3160CP Rev. 2.1,CP,USB 3.0,CMOS,ON Semiconductor,169 fps,1920 x 1200,9.216 mm x 5.760 mm,Global Shutter,"2/3""",2.30 MPix,4.8 µm,IP30,UI-3160CP-C-HQ Rev.2.1UI-3160CP-M-GL Rev.2.1
UI-3180CP-C-HQ Rev.2.1: AB02545UI-3180CP-M-GL Rev.2.1: AB02546,UI-3180CP Rev. 2.1,CP,USB 3.0,CMOS,ON Semiconductor,73.0 fps,2592 x 2048,12.441 mm x 9.830 mm,Global Shutter,"1""",5.31 MPix,4.8 µm,IP30,UI-3180CP-C-HQ Rev.2.1UI-3180CP-M-GL Rev.2.1
UI-3200SE-C-HQ: AB02348UI-3200SE-M-GL: AB02349,UI-3200SE,SE,USB 3.1 Gen. 1,CMOS,Sony,24.0 fps,4104 x 3006,14.158 mm x 10.370 mm,Global Shutter,"1.1""",12.34 MPix,3.5 µm,IP30,UI-3200SE-C-HQUI-3200SE-M-GL
UI-3201SE-C-HQ: AB02350UI-3201SE-M-GL: AB02351,UI-3201SE,SE,USB 3.1 Gen. 1,CMOS,Sony,24.0 fps,4104 x 3006,14.158 mm x 10.370 mm,Global Shutter,"1.1""",12.34 MPix,3.5 µm,No,UI-3201SE-C-HQUI-3201SE-M-GL
UI-3202SE-C: AB02352UI-3202SE-M: AB02353,UI-3202SE,SE,USB 3.1 Gen. 1,CMOS,Sony,24.0 fps,4104 x 3006,14.158 mm x 10.370 mm,Global Shutter,"1.1""",12.34 MPix,3.5 µm,No,UI-3202SE-CUI-3202SE-M
UI-3220CP-C-HQ: AB00038UI-3220CP-M-GL: AB00039,UI-3220CP,CP,USB 3.0,CMOS,ON Semiconductor,100 fps,752 x 480,4.512 mm x 2.880 mm,Global Shutter,"1/3""",0.36 MPix,6.0 µm,IP30,UI-3220CP-C-HQUI-3220CP-M-GL
UI-3240CP-C-HQ Rev.2: AB00514UI-3240CP-M-GL Rev.2: AB00515UI-3240CP-NIR-GL Rev.2: AB00615,UI-3240CP Rev. 2,CP,USB 3.0,CMOS,e2v,60.0 fps,1280 x 1024,6.784 mm x 5.427 mm,"Global Shutter, Global Start Shutter, Rolling Shutter","1/1.8""",1.31 MPix,5.3 µm,IP30,UI-3240CP-C-HQ Rev.2UI-3240CP-M-GL Rev.2UI-3240CP-NIR-GL Rev.2
UI-3240LE-C-HQ: AB00425UI-3240LE-M-GL: AB00426UI-3240LE-NIR-GL: AB00427,UI-3240LE,LE,USB 3.0,CMOS,e2v,60.0 fps,1280 x 1024,6.784 mm x 5.427 mm,"Global Shutter, Global Start Shutter, Rolling Shutter","1/1.8""",1.31 MPix,5.3 µm,IP30,UI-3240LE-C-HQUI-3240LE-M-GLUI-3240LE-NIR-GL
U3-3240LE-C-HQ: AB00558U3-3240LE-M-GL: AB00559U3-3240LE-NIR-GL: AB00560,U3-3240LE,LE,USB 3.0,CMOS,e2v,59.0 fps,1280 x 1024,6.784 mm x 5.427 mm,Global Shutter,"1/1.8""",1.31 MPix,5.3 µm,IP30,U3-3240LE-C-HQU3-3240LE-M-GLU3-3240LE-NIR-GL
UI-3240ML-C-HQ: AB00440UI-3240ML-M-GL: AB00441UI-3240ML-NIR-GL: AB00442,UI-3240ML,ML,USB 3.0,CMOS,e2v,60.0 fps,1280 x 1024,6.784 mm x 5.427 mm,"Global Shutter, Global Start Shutter, Rolling Shutter","1/1.8""",1.31 MPix,5.3 µm,IP30,UI-3240ML-C-HQUI-3240ML-M-GLUI-3240ML-NIR-GL
U3-3240ML-C-HQ: AB00567U3-3240ML-M-GL: AB00568U3-3240ML-NIR-GL: AB00569,U3-3240ML,ML,USB 3.0,CMOS,e2v,59.0 fps,1280 x 1024,6.784 mm x 5.427 mm,Global Shutter,"1/1.8""",1.31 MPix,5.3 µm,IP30,U3-3240ML-C-HQU3-3240ML-M-GLU3-3240ML-NIR-GL
UI-3241LE-C-HQ: AB00430UI-3241LE-M-GL: AB00431UI-3241LE-NIR-GL: AB00432,UI-3241LE,LE,USB 3.0,CMOS,e2v,60.0 fps,1280 x 1024,6.784 mm x 5.427 mm,"Global Shutter, Global Start Shutter, Rolling Shutter","1/1.8""",1.31 MPix,5.3 µm,No,UI-3241LE-C-HQUI-3241LE-M-GLUI-3241LE-NIR-GL
U3-3241LE-C-HQ: AB00561U3-3241LE-M-GL: AB00562U3-3241LE-NIR-GL: AB00563,U3-3241LE,LE,USB 3.0,CMOS,e2v,59.0 fps,1280 x 1024,6.784 mm x 5.427 mm,Global Shutter,"1/1.8""",1.31 MPix,5.3 µm,No,U3-3241LE-C-HQU3-3241LE-M-GLU3-3241LE-NIR-GL
UI-3242LE-C: AB00435UI-3242LE-M: AB00436UI-3242LE-NIR: AB00437,UI-3242LE,LE,USB 3.0,CMOS,e2v,60.0 fps,1280 x 1024,6.784 mm x 5.427 mm,"Global Shutter, Global Start Shutter, Rolling Shutter","1/1.8""",1.31 MPix,5.3 µm,No,UI-3242LE-CUI-3242LE-MUI-3242LE-NIR
U3-3242LE-C: AB00564U3-3242LE-M: AB00565U3-3242LE-NIR: AB00566,U3-3242LE,LE,USB 3.0,CMOS,e2v,59.0 fps,1280 x 1024,6.784 mm x 5.427 mm,Global Shutter,"1/1.8""",1.31 MPix,5.3 µm,No,U3-3242LE-CU3-3242LE-MU3-3242LE-NIR
UI-3250CP-C-HQ Rev.2: AB00617UI-3250CP-M-GL Rev.2: AB00616,UI-3250CP Rev. 2,CP,USB 3.0,CMOS,e2v,60.0 fps,1600 x 1200,7.200 mm x 5.400 mm,"Global Shutter, Global Start Shutter, Rolling Shutter","1/1.8""",1.92 MPix,4.5 µm,IP30,UI-3250CP-C-HQ Rev.2UI-3250CP-M-GL Rev.2
UI-3250LE-C-HQ: AB00428UI-3250LE-M-GL: AB00429,UI-3250LE,LE,USB 3.0,CMOS,e2v,60.0 fps,1600 x 1200,7.200 mm x 5.400 mm,"Global Shutter, Global Start Shutter, Rolling Shutter","1/1.8""",1.92 MPix,4.5 µm,IP30,UI-3250LE-C-HQUI-3250LE-M-GL
U3-3250LE-C-HQ: AB00656U3-3250LE-M-GL: AB00657,U3-3250LE,LE,USB 3.0,CMOS,e2v,40.0 fps,1600 x 1200,7.200 mm x 5.400 mm,Global Shutter,"1/1.8""",1.92 MPix,4.5 µm,IP30,U3-3250LE-C-HQU3-3250LE-M-GL
UI-3250ML-C-HQ: AB00443UI-3250ML-M-GL: AB00444,UI-3250ML,ML,USB 3.0,CMOS,e2v,60.0 fps,1600 x 1200,7.200 mm x 5.400 mm,"Global Shutter, Global Start Shutter, Rolling Shutter","1/1.8""",1.92 MPix,4.5 µm,IP30,UI-3250ML-C-HQUI-3250ML-M-GL
U3-3250ML-C-HQ: AB00668U3-3250ML-M-GL: AB00669,U3-3250ML,ML,USB 3.0,CMOS,e2v,40.0 fps,1600 x 1200,7.200 mm x 5.400 mm,Global Shutter,"1/1.8""",1.92 MPix,4.5 µm,IP30,U3-3250ML-C-HQU3-3250ML-M-GL
UI-3251LE-C-HQ: AB00433UI-3251LE-M-GL: AB00434,UI-3251LE,LE,USB 3.0,CMOS,e2v,60.0 fps,1600 x 1200,7.200 mm x 5.400 mm,"Global Shutter, Global Start Shutter, Rolling Shutter","1/1.8""",1.92 MPix,4.5 µm,No,UI-3251LE-C-HQUI-3251LE-M-GL
U3-3251LE-C-HQ: AB00660U3-3251LE-M-GL: AB00661,U3-3251LE,LE,USB 3.0,CMOS,e2v,40.0 fps,1600 x 1200,7.200 mm x 5.400 mm,Global Shutter,"1/1.8""",1.92 MPix,4.5 µm,No,U3-3251LE-C-HQU3-3251LE-M-GL
UI-3252LE-C: AB00438UI-3252LE-M: AB00439,UI-3252LE,LE,USB 3.0,CMOS,e2v,60.0 fps,1600 x 1200,7.200 mm x 5.400 mm,"Global Shutter, Global Start Shutter, Rolling Shutter","1/1.8""",1.92 MPix,4.5 µm,No,UI-3252LE-CUI-3252LE-M
U3-3252LE-C: AB00664U3-3252LE-M: AB00665,U3-3252LE,LE,USB 3.0,CMOS,e2v,40.0 fps,1600 x 1200,7.200 mm x 5.400 mm,Global Shutter,"1/1.8""",1.92 MPix,4.5 µm,No,U3-3252LE-CU3-3252LE-M
UI-3260CP-C-HQ Rev.2: AB00696UI-3260CP-M-GL Rev.2: AB00695,UI-3260CP Rev. 2,CP,USB 3.0,CMOS,Sony,47.0 fps,1936 x 1216,11.345 mm x 7.126 mm,Global Shutter,"1/1.2""",2.35 MPix,5.9 µm,IP30,UI-3260CP-C-HQ Rev.2UI-3260CP-M-GL Rev.2
AB02102,UI-3262SE,SE,USB 3.1 Gen. 1,CMOS,Sony,47.0 fps,1936 x 1216,11.345 mm x 7.126 mm,Global Shutter,"1/1.2""",2.35 MPix,5.9 µm,No,UI-3262SE-M
UI-3270CP-C-HQ Rev.2: AB00962UI-3270CP-M-GL Rev.2: AB00961,UI-3270CP Rev. 2,CP,USB 3.0,CMOS,Sony,57.0 fps,2056 x 1542,7.093 mm x 5.320 mm,Global Shutter,"1/1.8""",3.17 MPix,3.5 µm,IP30,UI-3270CP-C-HQ Rev.2UI-3270CP-M-GL Rev.2
UI-3270LE-C-HQ: AB00904UI-3270LE-M-GL: AB00905,UI-3270LE,LE,USB 3.1 Gen. 1,CMOS,Sony,57.0 fps,2056 x 1542,7.093 mm x 5.320 mm,Global Shutter,"1/1.8""",3.17 MPix,3.5 µm,IP30,UI-3270LE-C-HQUI-3270LE-M-GL
UI-3271LE-C-HQ: AB00906UI-3271LE-M-GL: AB00907,UI-3271LE,LE,USB 3.1 Gen. 1,CMOS,Sony,57.0 fps,2056 x 1542,7.093 mm x 5.320 mm,Global Shutter,"1/1.8""",3.17 MPix,3.5 µm,No,UI-3271LE-C-HQUI-3271LE-M-GL
UI-3271LE-C-HQ-VU: AB02201UI-3271LE-M-GL-VU: AB02202,UI-3271LE VU,LE,USB 3.1 Gen. 1,CMOS,Sony,57.0 fps,2056 x 1542,7.093 mm x 5.320 mm,Global Shutter,"1/1.8""",3.17 MPix,3.5 µm,No,UI-3271LE-C-HQ-VUUI-3271LE-M-GL-VU
UI-3272LE-C: AB00908UI-3272LE-M: AB00909,UI-3272LE,LE,USB 3.1 Gen. 1,CMOS,Sony,57.0 fps,2056 x 1542,7.093 mm x 5.320 mm,Global Shutter,"1/1.8""",3.17 MPix,3.5 µm,No,UI-3272LE-CUI-3272LE-M
UI-3272LE-C-VU: AB02203UI-3272LE-M-VU: AB02204,UI-3272LE VU,LE,USB 3.1 Gen. 1,CMOS,Sony,57.0 fps,2056 x 1542,7.093 mm x 5.320 mm,Global Shutter,"1/1.8""",3.17 MPix,3.5 µm,No,UI-3272LE-C-VUUI-3272LE-M-VU
UI-3274LE-C-HQ: AB00983UI-3274LE-M-GL: AB00984,UI-3274LE,LE,USB 3.1 Gen. 1,CMOS,Sony,57.0 fps,2056 x 1542,7.093 mm x 5.320 mm,Global Shutter,"1/1.8""",3.17 MPix,3.5 µm,No,UI-3274LE-C-HQUI-3274LE-M-GL
UI-3274LE-C-HQ-VU: AB02205UI-3274LE-M-GL-VU: AB02206,UI-3274LE VU,LE,USB 3.1 Gen. 1,CMOS,Sony,57.0 fps,2056 x 1542,7.093 mm x 5.320 mm,Global Shutter,"1/1.8""",3.17 MPix,3.5 µm,No,UI-3274LE-C-HQ-VUUI-3274LE-M-GL-VU
UI-3280CP-C-HQ Rev.2: AB00851UI-3280CP-M-GL Rev.2: AB00850,UI-3280CP Rev. 2,CP,USB 3.0,CMOS,Sony,36.0 fps,2456 x 2054,8.473 mm x 7.086 mm,Global Shutter,"2/3""",5.04 MPix,3.5 µm,IP30,UI-3280CP-C-HQ Rev.2UI-3280CP-M-GL Rev.2
UI-3280SE-C-HQ: AB00991UI-3280SE-M-GL: AB00992,UI-3280SE,SE,USB 3.1 Gen. 1,CMOS,Sony,36.0 fps,2456 x 2054,8.473 mm x 7.086 mm,Global Shutter,"2/3""",5.04 MPix,3.5 µm,IP30,UI-3280SE-C-HQUI-3280SE-M-GL
UI-3281SE-C-HQ: AB00993UI-3281SE-M-GL: AB00994,UI-3281SE,SE,USB 3.1 Gen. 1,CMOS,Sony,36.0 fps,2456 x 2054,8.473 mm x 7.086 mm,Global Shutter,"2/3""",5.04 MPix,3.5 µm,No,UI-3281SE-C-HQUI-3281SE-M-GL
UI-3282SE-C: AB00995UI-3282SE-M: AB00996,UI-3282SE,SE,USB 3.1 Gen. 1,CMOS,Sony,36.0 fps,2456 x 2054,8.473 mm x 7.086 mm,Global Shutter,"2/3""",5.04 MPix,3.5 µm,No,UI-3282SE-CUI-3282SE-M
UI-3290SE-C-HQ: AB02373UI-3290SE-M-GL: AB02374,UI-3290SE,SE,USB 3.1 Gen. 1,CMOS,Sony,33.0 fps,4104 x 2174,14.158 mm x 7.500 mm,Global Shutter,"1""",8.92 MPix,3.5 µm,IP30,UI-3290SE-C-HQUI-3290SE-M-GL
UI-3291SE-C-HQ: AB02375UI-3291SE-M-GL: AB02376,UI-3291SE,SE,USB 3.1 Gen. 1,CMOS,Sony,33.0 fps,4104 x 2174,14.158 mm x 7.500 mm,Global Shutter,"1""",8.92 MPix,3.5 µm,No,UI-3291SE-C-HQUI-3291SE-M-GL
UI-3292SE-C: AB02377UI-3292SE-M: AB02378,UI-3292SE,SE,USB 3.1 Gen. 1,CMOS,Sony,33.0 fps,4104 x 2174,14.158 mm x 7.500 mm,Global Shutter,"1""",8.92 MPix,3.5 µm,No,UI-3292SE-CUI-3292SE-M
UI-3360CP-C-HQ Rev.2: AB00516UI-3360CP-M-GL Rev.2: AB00517UI-3360CP-NIR-GL Rev.2: AB00624,UI-3360CP Rev. 2,CP,USB 3.0,CMOS,CMOSIS,152 fps,2048 x 1088,11.264 mm x 5.984 mm,Global Shutter,"2/3""",2.23 MPix,5.5 µm,IP30,UI-3360CP-C-HQ Rev.2UI-3360CP-M-GL Rev.2UI-3360CP-NIR-GL Rev.2
UI-3370CP-C-HQ Rev.2: AB00518UI-3370CP-M-GL Rev.2: AB00519UI-3370CP-NIR-GL Rev.2: AB00625,UI-3370CP Rev. 2,CP,USB 3.0,CMOS,CMOSIS,80.0 fps,2048 x 2048,11.264 mm x 11.264 mm,Global Shutter,"1""",4.19 MPix,5.5 µm,IP30,UI-3370CP-C-HQ Rev.2UI-3370CP-M-GL Rev.2UI-3370CP-NIR-GL Rev.2
AB00520,UI-3480CP Rev. 2,CP,USB 3.0,CMOS,ON Semiconductor,15.0 fps,2560 x 1920,5.632 mm x 4.224 mm,"Global Start Shutter, Rolling Shutter","1/2""",4.92 MPix,2.2 µm,IP30,UI-3480CP-M-GL Rev.2
AB00485,UI-3480LE,LE,USB 3.0,CMOS,ON Semiconductor,15.2 fps,2560 x 1920,5.632 mm x 4.224 mm,"Global Start Shutter, Rolling Shutter","1/2""",4.92 MPix,2.2 µm,IP30,UI-3480LE-M-GL
AB00659,U3-3480LE,LE,USB 3.0,CMOS,ON Semiconductor,12.5 fps,2560 x 1920,5.632 mm x 4.224 mm,Rolling Shutter,"1/2""",4.92 MPix,2.2 µm,IP30,U3-3480LE-M-GL
AB00491,UI-3480ML,ML,USB 3.0,CMOS,ON Semiconductor,15.2 fps,2560 x 1920,5.632 mm x 4.224 mm,"Global Start Shutter, Rolling Shutter","1/2""",4.92 MPix,2.2 µm,IP30,UI-3480ML-M-GL
AB00671,U3-3480ML,ML,USB 3.0,CMOS,ON Semiconductor,12.5 fps,2560 x 1920,5.632 mm x 4.224 mm,Rolling Shutter,"1/2""",4.92 MPix,2.2 µm,IP30,U3-3480ML-M-GL
AB00487,UI-3481LE,LE,USB 3.0,CMOS,ON Semiconductor,15.2 fps,2560 x 1920,5.632 mm x 4.224 mm,"Global Start Shutter, Rolling Shutter","1/2""",4.92 MPix,2.2 µm,No,UI-3481LE-M-GL
AB00663,U3-3481LE,LE,USB 3.0,CMOS,ON Semiconductor,12.5 fps,2560 x 1920,5.632 mm x 4.224 mm,Rolling Shutter,"1/2""",4.92 MPix,2.2 µm,No,U3-3481LE-M-GL
AB00489,UI-3482LE,LE,USB 3.0,CMOS,ON Semiconductor,15.2 fps,2560 x 1920,5.632 mm x 4.224 mm,"Global Start Shutter, Rolling Shutter","1/2""",4.92 MPix,2.2 µm,No,UI-3482LE-M
AB00667,U3-3482LE,LE,USB 3.0,CMOS,ON Semiconductor,12.5 fps,2560 x 1920,5.632 mm x 4.224 mm,Rolling Shutter,"1/2""",4.92 MPix,2.2 µm,No,U3-3482LE-M
AB00521,UI-3580CP Rev. 2,CP,USB 3.0,CMOS,ON Semiconductor,15.0 fps,2560 x 1920,5.632 mm x 4.224 mm,"Global Start Shutter, Rolling Shutter","1/2""",4.92 MPix,2.2 µm,IP30,UI-3580CP-C-HQ Rev.2
AB00484,UI-3580LE,LE,USB 3.0,CMOS,ON Semiconductor,15.2 fps,2560 x 1920,5.632 mm x 4.224 mm,"Global Start Shutter, Rolling Shutter","1/2""",4.92 MPix,2.2 µm,IP30,UI-3580LE-C-HQ
AB00658,U3-3580LE,LE,USB 3.0,CMOS,ON Semiconductor,12.5 fps,2560 x 1920,5.632 mm x 4.224 mm,Rolling Shutter,"1/2""",4.92 MPix,2.2 µm,IP30,U3-3580LE-C-HQ
AB00490,UI-3580ML,ML,USB 3.0,CMOS,ON Semiconductor,15.2 fps,2560 x 1920,5.632 mm x 4.224 mm,"Global Start Shutter, Rolling Shutter","1/2""",4.92 MPix,2.2 µm,IP30,UI-3580ML-C-HQ
AB00670,U3-3580ML,ML,USB 3.0,CMOS,ON Semiconductor,12.5 fps,2560 x 1920,5.632 mm x 4.224 mm,Rolling Shutter,"1/2""",4.92 MPix,2.2 µm,IP30,U3-3580ML-C-HQ
AB00486,UI-3581LE,LE,USB 3.0,CMOS,ON Semiconductor,15.2 fps,2560 x 1920,5.632 mm x 4.224 mm,"Global Start Shutter, Rolling Shutter","1/2""",4.92 MPix,2.2 µm,No,UI-3581LE-C-HQ
AB00488,UI-3582LE,LE,USB 3.0,CMOS,ON Semiconductor,15.2 fps,2560 x 1920,5.632 mm x 4.224 mm,"Global Start Shutter, Rolling Shutter","1/2""",4.92 MPix,2.2 µm,No,UI-3582LE-C
AB00662,U3-3581LE,LE,USB 3.0,CMOS,ON Semiconductor,12.5 fps,2560 x 1920,5.632 mm x 4.224 mm,Rolling Shutter,"1/2""",4.92 MPix,2.2 µm,No,U3-3581LE-C-HQ
AB00606,UI-3590CP Rev. 2,CP,USB 3.0,CMOS,ON Semiconductor,21.0 fps,4912 x 3684,6.140 mm x 4.605 mm,Rolling Shutter,"1/2.3""",18.10 MPix,1.3 µm,IP30,UI-3590CP-C-HQ Rev.2
AB00666,U3-3582LE,LE,USB 3.0,CMOS,ON Semiconductor,12.5 fps,2560 x 1920,5.632 mm x 4.224 mm,Rolling Shutter,"1/2""",4.92 MPix,2.2 µm,No,U3-3582LE-C
AB00720,UI-3590LE,LE,USB 3.0,CMOS,ON Semiconductor,12.2 fps,4912 x 3684,6.140 mm x 4.605 mm,Rolling Shutter,"1/2.3""",18.10 MPix,1.3 µm,IP30,UI-3590LE-C-HQ
AB00721,UI-3591LE,LE,USB 3.0,CMOS,ON Semiconductor,12.2 fps,4912 x 3684,6.140 mm x 4.605 mm,Rolling Shutter,"1/2.3""",18.10 MPix,1.3 µm,No,UI-3591LE-C-HQ
AB00722,UI-3592LE,LE,USB 3.0,CMOS,ON Semiconductor,12.2 fps,4912 x 3684,6.140 mm x 4.605 mm,Rolling Shutter,"1/2.3""",18.10 MPix,1.3 µm,No,UI-3592LE-C
UI-3860CP-C-HQ Rev.2: AB00853UI-3860CP-M-GL Rev.2: AB00852,UI-3860CP Rev. 2,CP,USB 3.0,CMOS,Sony,135 fps,1936 x 1096,5.610 mm x 3.175 mm,Rolling Shutter,"1/2.8""",2.12 MPix,2.9 µm,IP30,UI-3860CP-C-HQ Rev.2UI-3860CP-M-GL Rev.2
UI-3860LE-C-HQ: AB00858UI-3860LE-M-GL: AB00859,UI-3860LE,LE,USB 3.1 Gen. 1,CMOS,Sony,135 fps,1936 x 1096,5.610 mm x 3.175 mm,Rolling Shutter,"1/2.8""",2.12 MPix,2.9 µm,IP30,UI-3860LE-C-HQUI-3860LE-M-GL
UI-3861LE-C-HQ: AB00860UI-3861LE-M-GL: AB00861,UI-3861LE,LE,USB 3.1 Gen. 1,CMOS,Sony,135 fps,1936 x 1096,5.610 mm x 3.175 mm,Rolling Shutter,"1/2.8""",2.12 MPix,2.9 µm,No,UI-3861LE-C-HQUI-3861LE-M-GL
UI-3861LE-C-HQ-VU: AB02207UI-3861LE-M-GL-VU: AB02208,UI-3861LE VU,LE,USB 3.1 Gen. 1,CMOS,Sony,135 fps,1936 x 1096,5.610 mm x 3.175 mm,Rolling Shutter,"1/2.8""",2.12 MPix,2.9 µm,No,UI-3861LE-C-HQ-VUUI-3861LE-M-GL-VU
UI-3862LE-C: AB00862UI-3862LE-M: AB00863,UI-3862LE,LE,USB 3.1 Gen. 1,CMOS,Sony,135 fps,1936 x 1096,5.610 mm x 3.175 mm,Rolling Shutter,"1/2.8""",2.12 MPix,2.9 µm,No,UI-3862LE-CUI-3862LE-M
UI-3862LE-C-VU: AB02209UI-3862LE-M-VU: AB02210,UI-3862LE VU,LE,USB 3.1 Gen. 1,CMOS,Sony,135 fps,1936 x 1096,5.610 mm x 3.175 mm,Rolling Shutter,"1/2.8""",2.12 MPix,2.9 µm,No,UI-3862LE-C-VUUI-3862LE-M-VU
UI-3864LE-C-HQ: AB00977UI-3864LE-M-GL: AB00978,UI-3864LE,LE,USB 3.1 Gen. 1,CMOS,Sony,135 fps,1936 x 1096,5.610 mm x 3.175 mm,Rolling Shutter,"1/2.8""",2.12 MPix,2.9 µm,No,UI-3864LE-C-HQUI-3864LE-M-GL
UI-3864LE-C-HQ-VU: AB02211UI-3864LE-M-GL-VU: AB02212,UI-3864LE VU,LE,USB 3.1 Gen. 1,CMOS,Sony,135 fps,1936 x 1096,5.610 mm x 3.175 mm,Rolling Shutter,"1/2.8""",2.12 MPix,2.9 µm,No,UI-3864LE-C-HQ-VUUI-3864LE-M-GL-VU
UI-3880CP-C-HQ Rev.2: AB00855UI-3880CP-M-GL Rev.2: AB00854,UI-3880CP Rev. 2,CP,USB 3.0,CMOS,Sony,58.7 fps,3088 x 2076,7.410 mm x 4.980 mm,Rolling Shutter,"1/1.8""",6.41 MPix,2.4 µm,IP30,UI-3880CP-C-HQ Rev.2UI-3880CP-M-GL Rev.2
UI-3880LE-C-HQ: AB00864UI-3880LE-M-GL: AB00865,UI-3880LE,LE,USB 3.1 Gen. 1,CMOS,Sony,58.7 fps,3088 x 2076,7.410 mm x 4.980 mm,Rolling Shutter,"1/1.8""",6.41 MPix,2.4 µm,IP30,UI-3880LE-C-HQUI-3880LE-M-GL
UI-3881LE-C-HQ: AB00866UI-3881LE-M-GL: AB00867,UI-3881LE,LE,USB 3.1 Gen. 1,CMOS,Sony,58.7 fps,3088 x 2076,7.410 mm x 4.980 mm,Rolling Shutter,"1/1.8""",6.41 MPix,2.4 µm,No,UI-3881LE-C-HQUI-3881LE-M-GL
UI-3881LE-C-HQ-VU: AB02161UI-3881LE-M-GL-VU: AB02162,UI-3881LE VU,LE,USB 3.1 Gen. 1,CMOS,Sony,58.7 fps,3088 x 2076,7.410 mm x 4.980 mm,Rolling Shutter,"1/1.8""",6.41 MPix,2.4 µm,No,UI-3881LE-C-HQ-VUUI-3881LE-M-GL-VU
UI-3882LE-C: AB00868UI-3882LE-M: AB00869,UI-3882LE,LE,USB 3.1 Gen. 1,CMOS,Sony,58.7 fps,3088 x 2076,7.410 mm x 4.980 mm,Rolling Shutter,"1/1.8""",6.41 MPix,2.4 µm,No,UI-3882LE-CUI-3882LE-M
UI-3882LE-C-VU: AB02163UI-3882LE-M-VU: AB02164,UI-3882LE VU,LE,USB 3.1 Gen. 1,CMOS,Sony,58.7 fps,3088 x 2076,7.410 mm x 4.980 mm,Rolling Shutter,"1/1.8""",6.41 MPix,2.4 µm,No,UI-3882LE-C-VUUI-3882LE-M-VU
UI-3884LE-C-HQ: AB00979UI-3884LE-M-GL: AB00980,UI-3884LE,LE,USB 3.1 Gen. 1,CMOS,Sony,58.7 fps,3088 x 2076,7.410 mm x 4.980 mm,Rolling Shutter,"1/1.8""",6.41 MPix,2.4 µm,No,UI-3884LE-C-HQUI-3884LE-M-GL
UI-3884LE-C-HQ-VU: AB02165UI-3884LE-M-GL-VU: AB02166,UI-3884LE VU,LE,USB 3.1 Gen. 1,CMOS,Sony,58.7 fps,3088 x 2076,7.410 mm x 4.980 mm,Rolling Shutter,"1/1.8""",6.41 MPix,2.4 µm,No,UI-3884LE-C-HQ-VUUI-3884LE-M-GL-VU
AB.0010.1.50802.23,UI-5120SE,SE,GigE,CMOS,NIT,50.0 fps,768 x 576,7.680 mm x 5.760 mm,Rolling Shutter,"1/1.8""",0.44 MPix,10 µm,IP30,UI-5120SE-M-GL Rev.2
UI-5130CP-C-HQ Rev.2: AB00915UI-5130CP-M-GL Rev.2: AB00914,UI-5130CP Rev. 2,CP,GigE,CMOS,ON Semiconductor,205 fps,800 x 600,3.840 mm x 2.880 mm,Global Shutter,"1/3.6""",0.48 MPix,4.8 µm,IP30,UI-5130CP-C-HQ Rev.2UI-5130CP-M-GL Rev.2
UI-5130FA-C-HQ: AB02061UI-5130FA-M-GL: AB02062,UI-5130FA,FA,GigE,CMOS,ON Semiconductor,205 fps,800 x 600,3.840 mm x 2.880 mm,Global Shutter,"1/3.6""",0.48 MPix,4.8 µm,IP65/67,UI-5130FA-C-HQUI-5130FA-M-GL
UI-5130SE-C-HQ Rev.4: AB02069UI-5130SE-M-GL Rev.4: AB02070,UI-5130SE Rev. 4,SE,GigE,CMOS,ON Semiconductor,205 fps,800 x 600,3.840 mm x 2.880 mm,Global Shutter,"1/3.6""",0.48 MPix,4.8 µm,IP30,UI-5130SE-C-HQ Rev.4UI-5130SE-M-GL Rev.4
UI-5131SE-C-HQ Rev.4: AB02121UI-5131SE-M-GL Rev.4: AB02122,UI-5131SE Rev. 4,SE,GigE,CMOS,ON Semiconductor,205 fps,800 x 600,3.840 mm x 2.880 mm,Global Shutter,"1/3.6""",0.48 MPix,4.8 µm,No,UI-5131SE-C-HQ Rev.4UI-5131SE-M-GL Rev.4
Error 'Item number' occurred
UI-5140CP-C-HQ Rev.2: AB00917UI-5140CP-M-GL Rev.2: AB00916,UI-5140CP Rev. 2,CP,GigE,CMOS,ON Semiconductor,88.0 fps,1280 x 1024,6.144 mm x 4.915 mm,Global Shutter,"1/2""",1.31 MPix,4.8 µm,IP30,UI-5140CP-C-HQ Rev.2UI-5140CP-M-GL Rev.2
UI-5140FA-C-HQ: AB02063UI-5140FA-M-GL: AB02064,UI-5140FA,FA,GigE,CMOS,ON Semiconductor,88.0 fps,1280 x 1024,6.144 mm x 4.915 mm,Global Shutter,"1/2""",1.31 MPix,4.8 µm,IP65/67,UI-5140FA-C-HQUI-5140FA-M-GL
UI-5140SE-C-HQ Rev.4: AB02071UI-5140SE-M-GL Rev.4: AB02072,UI-5140SE Rev. 4,SE,GigE,CMOS,ON Semiconductor,88.0 fps,1280 x 1024,6.144 mm x 4.915 mm,Global Shutter,"1/2""",1.31 MPix,4.8 µm,IP30,UI-5140SE-C-HQ Rev.4UI-5140SE-M-GL Rev.4
UI-5141SE-C-HQ Rev.4: AB02125UI-5141SE-M-GL Rev.4: AB02126,UI-5141SE Rev. 4,SE,GigE,CMOS,ON Semiconductor,88.0 fps,1280 x 1024,6.144 mm x 4.915 mm,Global Shutter,"1/2""",1.31 MPix,4.8 µm,No,UI-5141SE-C-HQ Rev.4UI-5141SE-M-GL Rev.4
AB02128,UI-5142SE Rev. 4,SE,GigE,CMOS,ON Semiconductor,88.0 fps,1280 x 1024,6.144 mm x 4.915 mm,Global Shutter,"1/2""",1.31 MPix,4.8 µm,No,UI-5142SE-M Rev.4
UI-5200FA-C-HQ: AB02295UI-5200FA-M-GL: AB02296,UI-5200FA,FA,GigE,CMOS,Sony,9.0 fps,4104 x 3006,14.158 mm x 10.370 mm,Global Shutter,"1.1""",12.34 MPix,3.5 µm,IP65/67,UI-5200FA-C-HQUI-5200FA-M-GL
GV-5200FA-C-HQ: AB02297GV-5200FA-M-GL: AB02298,GV-5200FA,FA,GigE,CMOS,Sony,10.0 fps,4096 x 3000,14.132 mm x 10.350 mm,Global Shutter,"1.1""",12.29 MPix,3.5 µm,IP65/67,GV-5200FA-C-HQGV-5200FA-M-GL
UI-5200SE-C-HQ Rev.4: AB02277UI-5200SE-M-GL Rev.4: AB02278,UI-5200SE Rev. 4,SE,GigE,CMOS,Sony,9.0 fps,4104 x 3006,14.158 mm x 10.370 mm,Global Shutter,"1.1""",12.34 MPix,3.5 µm,IP30,UI-5200SE-C-HQ Rev.4UI-5200SE-M-GL Rev.4
GV-5200SE-C-HQ: AB02283GV-5200SE-M-GL: AB02284,GV-5200SE,SE,GigE,CMOS,Sony,10.0 fps,4096 x 3000,14.132 mm x 10.350 mm,Global Shutter,"1.1""",12.29 MPix,3.5 µm,IP30,GV-5200SE-C-HQGV-5200SE-M-GL
UI-5201SE-C-HQ Rev.4: AB02279UI-5201SE-M-GL Rev.4: AB02280,UI-5201SE Rev. 4,SE,GigE,CMOS,Sony,9.0 fps,4104 x 3006,14.158 mm x 10.370 mm,Global Shutter,"1.1""",12.34 MPix,3.5 µm,No,UI-5201SE-C-HQ Rev.4UI-5201SE-M-GL Rev.4
GV-5201SE-C-HQ: AB02285GV-5201SE-M-GL: AB02286,GV-5201SE,SE,GigE,CMOS,Sony,10.0 fps,4096 x 3000,14.132 mm x 10.350 mm,Global Shutter,"1.1""",12.29 MPix,3.5 µm,No,GV-5201SE-C-HQGV-5201SE-M-GL
Error 'Item number' occurred
GV-5202SE-C: AB02287GV-5202SE-M: AB02288,GV-5202SE,SE,GigE,CMOS,Sony,10.0 fps,4096 x 3000,14.132 mm x 10.350 mm,Global Shutter,"1.1""",12.29 MPix,3.5 µm,No,GV-5202SE-CGV-5202SE-M
UI-5220CP-C-HQ: AB.0010.1.56000.24UI-5220CP-M-GL: AB.0010.1.55900.23,UI-5220CP,CP,GigE,CMOS,ON Semiconductor,100 fps,752 x 480,4.512 mm x 2.880 mm,Global Shutter,"1/3""",0.36 MPix,6.0 µm,IP30,UI-5220CP-C-HQUI-5220CP-M-GL
UI-5220RE-C-HQ PoE Rev.2: AB00299UI-5220RE-M-GL PoE Rev.2: AB00300,UI-5220RE PoE,RE,GigE,CMOS,ON Semiconductor,100 fps,752 x 480,4.512 mm x 2.880 mm,Global Shutter,"1/3""",0.36 MPix,6.0 µm,IP65/67,UI-5220RE-C-HQ PoE Rev.2UI-5220RE-M-GL PoE Rev.2
UI-5220SE-C-HQ Rev.2: AB.0010.1.36702.24UI-5220SE-M-GL Rev.2: AB.0010.1.36802.23,UI-5220SE,SE,GigE,CMOS,ON Semiconductor,100 fps,752 x 480,4.512 mm x 2.880 mm,Global Shutter,"1/3""",0.36 MPix,6.0 µm,IP30,UI-5220SE-C-HQ Rev.2UI-5220SE-M-GL Rev.2
UI-5240CP-C-HQ Rev.2: AB02040UI-5240CP-M-GL Rev.2: AB02041UI-5240CP-NIR-GL Rev.2: AB02393,UI-5240CP Rev. 2,CP,GigE,CMOS,e2v,60.0 fps,1280 x 1024,6.784 mm x 5.427 mm,"Global Shutter, Global Start Shutter, Rolling Shutter","1/1.8""",1.31 MPix,5.3 µm,IP30,UI-5240CP-C-HQ Rev.2UI-5240CP-M-GL Rev.2UI-5240CP-NIR-GL Rev.2
GV-5240CP-C-HQ: AB02027GV-5240CP-M-GL: AB02028GV-5240CP-NIR-GL: AB02557,GV-5240CP,CP,GigE,CMOS,e2v,59.0 fps,1280 x 1024,6.784 mm x 5.427 mm,"Global Shutter, Global Start Shutter, Rolling Shutter","1/1.8""",1.31 MPix,5.3 µm,IP30,GV-5240CP-C-HQGV-5240CP-M-GLGV-5240CP-NIR-GL
UI-5240FA-C-HQ: AB02426UI-5240FA-M-GL: AB02427,UI-5240FA,FA,GigE,CMOS,e2v,60.0 fps,1280 x 1024,6.784 mm x 5.427 mm,"Global Shutter, Global Start Shutter, Rolling Shutter","1/1.8""",1.31 MPix,5.3 µm,IP65/67,UI-5240FA-C-HQUI-5240FA-M-GL
GV-5240FA-C-HQ: AB02429GV-5240FA-M-GL: AB02430GV-5240FA-NIR-GL: AB02431,GV-5240FA,FA,GigE,CMOS,e2v,59.0 fps,1280 x 1024,6.784 mm x 5.427 mm,"Global Shutter, Global Start Shutter, Rolling Shutter","1/1.8""",1.31 MPix,5.3 µm,IP65/67,GV-5240FA-C-HQGV-5240FA-M-GLGV-5240FA-NIR-GL
UI-5240SE-C-HQ Rev.2: AB.0010.1.48602.24UI-5240SE-M-GL Rev.2: AB.0010.1.48702.23UI-5240SE-NIR-GL Rev.2: AB00083,UI-5240SE,SE,GigE,CMOS,e2v,50.0 fps,1280 x 1024,6.784 mm x 5.427 mm,"Global Shutter, Global Start Shutter, Rolling Shutter","1/1.8""",1.31 MPix,5.3 µm,IP30,UI-5240SE-C-HQ Rev.2UI-5240SE-M-GL Rev.2UI-5240SE-NIR-GL Rev.2
UI-5240SE-C-HQ Rev.4: AB02593UI-5240SE-M-GL Rev.4: AB02594UI-5240SE-NIR-GL Rev.4: AB02599,UI-5240SE Rev. 4,SE,GigE,CMOS,e2v,60.0 fps,1280 x 1024,6.784 mm x 5.427 mm,"Global Shutter, Global Start Shutter, Rolling Shutter","1/1.8""",1.31 MPix,5.3 µm,IP30,UI-5240SE-C-HQ Rev.4UI-5240SE-M-GL Rev.4UI-5240SE-NIR-GL Rev.4
GV-5240SE-C-HQ: AB02600GV-5240SE-M-GL: AB02601GV-5240SE-NIR-GL: AB02606,GV-5240SE,SE,GigE,CMOS,e2v,59.0 fps,1280 x 1024,6.784 mm x 5.427 mm,"Global Shutter, Global Start Shutter, Rolling Shutter","1/1.8""",1.31 MPix,5.3 µm,IP30,GV-5240SE-C-HQGV-5240SE-M-GLGV-5240SE-NIR-GL
UI-5241LE-C: AB00159UI-5241LE-M: AB00156UI-5241LE-NIR: AB00160,UI-5241LE,LE,GigE,CMOS,e2v,50.0 fps,1280 x 1024,6.784 mm x 5.427 mm,"Global Shutter, Global Start Shutter, Rolling Shutter","1/1.8""",1.31 MPix,5.3 µm,No,UI-5241LE-CUI-5241LE-MUI-5241LE-NIR
UI-5241LE-C-MB: AB00257UI-5241LE-M-MB: AB00258UI-5241LE-NIR-MB: AB00259,UI-5241LE-MB,LE,GigE,CMOS,e2v,50.0 fps,1280 x 1024,6.784 mm x 5.427 mm,"Global Shutter, Global Start Shutter, Rolling Shutter","1/1.8""",1.31 MPix,5.3 µm,No,UI-5241LE-C-MBUI-5241LE-M-MBUI-5241LE-NIR-MB
UI-5241SE-C-HQ Rev.4: AB02595UI-5241SE-M-GL Rev.4: AB02596,UI-5241SE Rev. 4,SE,GigE,CMOS,e2v,60.0 fps,1280 x 1024,6.784 mm x 5.427 mm,"Global Shutter, Global Start Shutter, Rolling Shutter","1/1.8""",1.31 MPix,5.3 µm,No,UI-5241SE-C-HQ Rev.4UI-5241SE-M-GL Rev.4
GV-5241SE-C-HQ: AB02602GV-5241SE-M-GL: AB02603,GV-5241SE,SE,GigE,CMOS,e2v,59.0 fps,1280 x 1024,6.784 mm x 5.427 mm,"Global Shutter, Global Start Shutter, Rolling Shutter","1/1.8""",1.31 MPix,5.3 µm,No,GV-5241SE-C-HQGV-5241SE-M-GL
UI-5242LE-C: AB00157UI-5242LE-M: AB00158UI-5242LE-NIR: AB00168,UI-5242LE,LE,GigE,CMOS,e2v,50.0 fps,1280 x 1024,6.784 mm x 5.427 mm,"Global Shutter, Global Start Shutter, Rolling Shutter","1/1.8""",1.31 MPix,5.3 µm,No,UI-5242LE-CUI-5242LE-MUI-5242LE-NIR
UI-5242LE-C-MB: AB00260UI-5242LE-M-MB: AB00261UI-5242LE-NIR-MB: AB00262,UI-5242LE-MB,LE,GigE,CMOS,e2v,50.0 fps,1280 x 1024,6.784 mm x 5.427 mm,"Global Shutter, Global Start Shutter, Rolling Shutter","1/1.8""",1.31 MPix,5.3 µm,No,UI-5242LE-C-MBUI-5242LE-M-MBUI-5242LE-NIR-MB
UI-5242SE-C Rev.4: AB02597UI-5242SE-M Rev.4: AB02598,UI-5242SE Rev. 4,SE,GigE,CMOS,e2v,60.0 fps,1280 x 1024,6.784 mm x 5.427 mm,"Global Shutter, Global Start Shutter, Rolling Shutter","1/1.8""",1.31 MPix,5.3 µm,No,UI-5242SE-C Rev.4UI-5242SE-M Rev.4
GV-5242SE-C: AB02604GV-5242SE-M: AB02605,GV-5242SE,SE,GigE,CMOS,e2v,59.0 fps,1280 x 1024,6.784 mm x 5.427 mm,"Global Shutter, Global Start Shutter, Rolling Shutter","1/1.8""",1.31 MPix,5.3 µm,No,GV-5242SE-CGV-5242SE-M
UI-5244LE-C-HQ: AB00276UI-5244LE-M-GL: AB00277UI-5244LE-NIR-GL: AB00278,UI-5244LE,LE,GigE,CMOS,e2v,50.0 fps,1280 x 1024,6.784 mm x 5.427 mm,"Global Shutter, Global Start Shutter, Rolling Shutter","1/1.8""",1.31 MPix,5.3 µm,No,UI-5244LE-C-HQUI-5244LE-M-GLUI-5244LE-NIR-GL
UI-5244LE-C-HQ-MB: AB00279UI-5244LE-M-GL-MB: AB00280UI-5244LE-NIR-GL-MB: AB00281,UI-5244LE-MB,LE,GigE,CMOS,e2v,50.0 fps,1280 x 1024,6.784 mm x 5.427 mm,"Global Shutter, Global Start Shutter, Rolling Shutter","1/1.8""",1.31 MPix,5.3 µm,No,UI-5244LE-C-HQ-MBUI-5244LE-M-GL-MBUI-5244LE-NIR-GL-MB
UI-5250CP-C-HQ Rev.2: AB02042UI-5250CP-M-GL Rev.2: AB02043,UI-5250CP Rev. 2,CP,GigE,CMOS,e2v,52.0 fps,1600 x 1200,7.200 mm x 5.400 mm,"Global Shutter, Global Start Shutter, Rolling Shutter","1/1.8""",1.92 MPix,4.5 µm,IP30,UI-5250CP-C-HQ Rev.2UI-5250CP-M-GL Rev.2
GV-5250CP-C-HQ: AB02029GV-5250CP-M-GL: AB02030,GV-5250CP,CP,GigE,CMOS,e2v,52.0 fps,1600 x 1200,7.200 mm x 5.400 mm,"Global Shutter, Global Start Shutter, Rolling Shutter","1/1.8""",1.92 MPix,4.5 µm,IP30,GV-5250CP-C-HQGV-5250CP-M-GL
UI-5250FA-C-HQ: AB02321UI-5250FA-M-GL: AB02322,UI-5250FA,FA,GigE,CMOS,e2v,52.0 fps,1600 x 1200,7.200 mm x 5.400 mm,"Global Shutter, Global Start Shutter, Rolling Shutter","1/1.8""",1.92 MPix,4.5 µm,IP65/67,UI-5250FA-C-HQUI-5250FA-M-GL
GV-5250FA-C-HQ: AB02337GV-5250FA-M-GL: AB02338,GV-5250FA,FA,GigE,CMOS,e2v,52.0 fps,1600 x 1200,7.200 mm x 5.400 mm,"Global Shutter, Global Start Shutter, Rolling Shutter","1/1.8""",1.92 MPix,4.5 µm,IP65/67,GV-5250FA-C-HQGV-5250FA-M-GL
UI-5250SE-C-HQ Rev.4: AB02315UI-5250SE-M-GL Rev.4: AB02316,UI-5250SE Rev. 4,SE,GigE,CMOS,e2v,52.0 fps,1600 x 1200,7.200 mm x 5.400 mm,"Global Shutter, Global Start Shutter, Rolling Shutter","1/1.8""",1.92 MPix,4.5 µm,IP30,UI-5250SE-C-HQ Rev.4UI-5250SE-M-GL Rev.4
GV-5250SE-C-HQ: AB02331GV-5250SE-M-GL: AB02332,GV-5250SE,SE,GigE,CMOS,e2v,52.0 fps,1600 x 1200,7.200 mm x 5.400 mm,"Global Shutter, Global Start Shutter, Rolling Shutter","1/1.8""",1.92 MPix,4.5 µm,IP30,GV-5250SE-C-HQGV-5250SE-M-GL
UI-5251LE-C: AB00345UI-5251LE-M: AB00346,UI-5251LE,LE,GigE,CMOS,e2v,35.6 fps,1600 x 1200,7.200 mm x 5.400 mm,"Global Shutter, Global Start Shutter, Rolling Shutter","1/1.8""",1.92 MPix,4.5 µm,No,UI-5251LE-CUI-5251LE-M
UI-5251SE-C-HQ Rev.4: AB02317UI-5251SE-M-GL Rev.4: AB02318,UI-5251SE Rev. 4,SE,GigE,CMOS,e2v,52.0 fps,1600 x 1200,7.200 mm x 5.400 mm,"Global Shutter, Global Start Shutter, Rolling Shutter","1/1.8""",1.92 MPix,4.5 µm,No,UI-5251SE-C-HQ Rev.4UI-5251SE-M-GL Rev.4
GV-5251SE-C-HQ: AB02333GV-5251SE-M-GL: AB02334,GV-5251SE,SE,GigE,CMOS,e2v,52.0 fps,1600 x 1200,7.200 mm x 5.400 mm,"Global Shutter, Global Start Shutter, Rolling Shutter","1/1.8""",1.92 MPix,4.5 µm,No,GV-5251SE-C-HQGV-5251SE-M-GL
UI-5252LE-C: AB00347UI-5252LE-M: AB00348,UI-5252LE,LE,GigE,CMOS,e2v,35.6 fps,1600 x 1200,7.200 mm x 5.400 mm,"Global Shutter, Global Start Shutter, Rolling Shutter","1/1.8""",1.92 MPix,4.5 µm,No,UI-5252LE-CUI-5252LE-M
Error 'Item number' occurred
GV-5252SE-C: AB02335GV-5252SE-M: AB02336,GV-5252SE,SE,GigE,CMOS,e2v,52.0 fps,1600 x 1200,7.200 mm x 5.400 mm,"Global Shutter, Global Start Shutter, Rolling Shutter","1/1.8""",1.92 MPix,4.5 µm,No,GV-5252SE-CGV-5252SE-M
UI-5254LE-C-HQ: AB00463UI-5254LE-M-GL: AB00464,UI-5254LE,LE,GigE,CMOS,e2v,35.6 fps,1600 x 1200,7.200 mm x 5.400 mm,"Global Shutter, Global Start Shutter, Rolling Shutter","1/1.8""",1.92 MPix,4.5 µm,No,UI-5254LE-C-HQUI-5254LE-M-GL
UI-5260CP-C-HQ Rev.2: AB00820UI-5260CP-M-GL Rev.2: AB00819,UI-5260CP Rev. 2,CP,GigE,CMOS,Sony,47.0 fps,1936 x 1216,11.345 mm x 7.126 mm,Global Shutter,"1/1.2""",2.35 MPix,5.9 µm,IP30,UI-5260CP-C-HQ Rev.2UI-5260CP-M-GL Rev.2
GV-5260CP-C-HQ: AB02015GV-5260CP-M-GL: AB02016,GV-5260CP,CP,GigE,CMOS,Sony,46.0 fps,1920 x 1200,11.250 mm x 7.030 mm,Global Shutter,"1/1.2""",2.30 MPix,5.9 µm,IP30,GV-5260CP-C-HQGV-5260CP-M-GL
UI-5260FA-C-HQ: AB00875UI-5260FA-M-GL: AB00874,UI-5260FA,FA,GigE,CMOS,Sony,47.0 fps,1936 x 1216,11.345 mm x 7.126 mm,Global Shutter,"1/1.2""",2.35 MPix,5.9 µm,IP65/67,UI-5260FA-C-HQUI-5260FA-M-GL
GV-5260FA-C-HQ: AB02011GV-5260FA-M-GL: AB02012,GV-5260FA,FA,GigE,CMOS,Sony,46.0 fps,1920 x 1200,11.250 mm x 7.030 mm,Global Shutter,"1/1.2""",2.30 MPix,5.9 µm,IP65/67,GV-5260FA-C-HQGV-5260FA-M-GL
UI-5260SE-C-HQ Rev.4: AB00997UI-5260SE-M-GL Rev.4: AB00998,UI-5260SE Rev. 4,SE,GigE,CMOS,Sony,47.0 fps,1936 x 1216,11.345 mm x 7.126 mm,Global Shutter,"1/1.2""",2.35 MPix,5.9 µm,IP30,UI-5260SE-C-HQ Rev.4UI-5260SE-M-GL Rev.4
GV-5260SE-M-GL: AB02006GV-5260SE-C-HQ: AB02005,GV-5260SE,SE,GigE,CMOS,Sony,46.0 fps,1920 x 1200,11.250 mm x 7.030 mm,Global Shutter,"1/1.2""",2.30 MPix,5.9 µm,IP30,GV-5260SE-M-GLGV-5260SE-C-HQ
UI-5261SE-C-HQ Rev.4: AB00999UI-5261SE-M-GL Rev.4: AB02000,UI-5261SE Rev. 4,SE,GigE,CMOS,Sony,47.0 fps,1936 x 1216,11.345 mm x 7.126 mm,Global Shutter,"1/1.2""",2.35 MPix,5.9 µm,No,UI-5261SE-C-HQ Rev.4UI-5261SE-M-GL Rev.4
GV-5261SE-C-HQ: AB02007GV-5261SE-M-GL: AB02008,GV-5261SE,SE,GigE,CMOS,Sony,46.0 fps,1920 x 1200,11.250 mm x 7.030 mm,Global Shutter,"1/1.2""",2.30 MPix,5.9 µm,No,GV-5261SE-C-HQGV-5261SE-M-GL
UI-5262SE-C Rev.4: AB02001UI-5262SE-M Rev.4: AB02002,UI-5262SE Rev. 4,SE,GigE,CMOS,Sony,47.0 fps,1936 x 1216,11.345 mm x 7.126 mm,Global Shutter,"1/1.2""",2.35 MPix,5.9 µm,No,UI-5262SE-C Rev.4UI-5262SE-M Rev.4
GV-5262SE-C: AB02009GV-5262SE-M: AB02010,GV-5262SE,SE,GigE,CMOS,Sony,46.0 fps,1920 x 1200,11.250 mm x 7.030 mm,Global Shutter,"1/1.2""",2.30 MPix,5.9 µm,No,GV-5262SE-CGV-5262SE-M
UI-5270CP-C-HQ Rev.2: AB02036UI-5270CP-M-GL Rev.2: AB02037,UI-5270CP Rev. 2,CP,GigE,CMOS,Sony,36.0 fps,2056 x 1542,7.093 mm x 5.320 mm,Global Shutter,"1/1.8""",3.17 MPix,3.5 µm,IP30,UI-5270CP-C-HQ Rev.2UI-5270CP-M-GL Rev.2
GV-5270CP-M-GL: AB02022GV-5270CP-C-HQ: AB02021,GV-5270CP,CP,GigE,CMOS,Sony,34.0 fps,2056 x 1542,7.093 mm x 5.320 mm,Global Shutter,"1/1.8""",3.17 MPix,3.5 µm,IP30,GV-5270CP-M-GLGV-5270CP-C-HQ
UI-5270FA-C-HQ: AB02048UI-5270FA-M-GL: AB02049,UI-5270FA,FA,GigE,CMOS,Sony,36.0 fps,2056 x 1542,7.093 mm x 5.320 mm,Global Shutter,"1/1.8""",3.17 MPix,3.5 µm,IP65/67,UI-5270FA-C-HQUI-5270FA-M-GL
GV-5270FA-C-HQ: AB02119GV-5270FA-M-GL: AB02120,GV-5270FA,FA,GigE,CMOS,Sony,34.0 fps,2048 x 1536,7.065 mm x 5.300 mm,Global Shutter,"1/1.8""",3.15 MPix,3.5 µm,IP65/67,GV-5270FA-C-HQGV-5270FA-M-GL
UI-5270SE-C-HQ Rev.4: AB02067UI-5270SE-M-GL Rev.4: AB02068,UI-5270SE Rev. 4,SE,GigE,CMOS,Sony,36.0 fps,2056 x 1542,7.093 mm x 5.320 mm,Global Shutter,"1/1.8""",3.17 MPix,3.5 µm,IP30,UI-5270SE-C-HQ Rev.4UI-5270SE-M-GL Rev.4
GV-5270SE-C-HQ: AB02149GV-5270SE-M-GL: AB02150,GV-5270SE,SE,GigE,CMOS,Sony,22.0 fps,2048 x 1536,7.065 mm x 5.300 mm,Global Shutter,"1/1.8""",3.15 MPix,3.5 µm,IP30,GV-5270SE-C-HQGV-5270SE-M-GL
UI-5271SE-C-HQ Rev.4: AB02129UI-5271SE-M-GL Rev.4: AB02130,UI-5271SE Rev. 4,SE,GigE,CMOS,Sony,36.0 fps,2056 x 1542,7.093 mm x 5.320 mm,Global Shutter,"1/1.8""",3.17 MPix,3.5 µm,No,UI-5271SE-C-HQ Rev.4UI-5271SE-M-GL Rev.4
GV-5271SE-C-HQ: AB02151GV-5271SE-M-GL: AB02152,GV-5271SE,SE,GigE,CMOS,Sony,22.0 fps,2048 x 1536,7.065 mm x 5.300 mm,Global Shutter,"1/1.8""",3.15 MPix,3.5 µm,No,GV-5271SE-C-HQGV-5271SE-M-GL
UI-5272SE-C Rev.4: AB02131UI-5272SE-M Rev.4: AB02132,UI-5272SE Rev. 4,SE,GigE,CMOS,Sony,36.0 fps,2056 x 1542,7.093 mm x 5.320 mm,Global Shutter,"1/1.8""",3.17 MPix,3.5 µm,No,UI-5272SE-C Rev.4UI-5272SE-M Rev.4
GV-5272SE-C: AB02153GV-5272SE-M: AB02154,GV-5272SE,SE,GigE,CMOS,Sony,22.0 fps,2048 x 1536,7.065 mm x 5.300 mm,Global Shutter,"1/1.8""",3.15 MPix,3.5 µm,No,GV-5272SE-CGV-5272SE-M
UI-5280CP-C-HQ Rev.2: AB00919UI-5280CP-M-GL Rev.2: AB00918,UI-5280CP Rev. 2,CP,GigE,CMOS,Sony,23.0 fps,2456 x 2054,8.473 mm x 7.086 mm,Global Shutter,"2/3""",5.04 MPix,3.5 µm,IP30,UI-5280CP-C-HQ Rev.2UI-5280CP-M-GL Rev.2
GV-5280CP-C-HQ: AB02019GV-5280CP-M-GL: AB02020,GV-5280CP,CP,GigE,CMOS,Sony,22.0 fps,2448 x 2048,8.445 mm x 7.065 mm,Global Shutter,"2/3""",5.01 MPix,3.5 µm,IP30,GV-5280CP-C-HQGV-5280CP-M-GL
UI-5280FA-C-HQ: AB00966UI-5280FA-M-GL: AB00965,UI-5280FA,FA,GigE,CMOS,Sony,23.0 fps,2456 x 2054,8.473 mm x 7.086 mm,Global Shutter,"2/3""",5.04 MPix,3.5 µm,IP65/67,UI-5280FA-C-HQUI-5280FA-M-GL
GV-5280FA-C-HQ: AB02013GV-5280FA-M-GL: AB02014,GV-5280FA,FA,GigE,CMOS,Sony,22.0 fps,2448 x 2048,8.445 mm x 7.065 mm,Global Shutter,"2/3""",5.01 MPix,3.5 µm,IP65/67,GV-5280FA-C-HQGV-5280FA-M-GL
UI-5280SE-C-HQ Rev.4: AB02065UI-5280SE-M-GL Rev.4: AB02066,UI-5280SE Rev. 4,SE,GigE,CMOS,Sony,23.0 fps,2456 x 2054,8.473 mm x 7.086 mm,Global Shutter,"2/3""",5.04 MPix,3.5 µm,IP30,UI-5280SE-C-HQ Rev.4UI-5280SE-M-GL Rev.4
GV-5280SE-C-HQ: AB02155GV-5280SE-M-GL: AB02156,GV-5280SE,SE,GigE,CMOS,Sony,22.0 fps,2448 x 2048,8.445 mm x 7.065 mm,Global Shutter,"2/3""",5.01 MPix,3.5 µm,IP30,GV-5280SE-C-HQGV-5280SE-M-GL
UI-5281SE-C-HQ Rev.4: AB02133UI-5281SE-M-GL Rev.4: AB02134,UI-5281SE Rev. 4,SE,GigE,CMOS,Sony,23.0 fps,2456 x 2054,8.473 mm x 7.086 mm,Global Shutter,"2/3""",5.04 MPix,3.5 µm,No,UI-5281SE-C-HQ Rev.4UI-5281SE-M-GL Rev.4
GV-5281SE-C-HQ: AB02157GV-5281SE-M-GL: AB02158,GV-5281SE,SE,GigE,CMOS,Sony,22.0 fps,2448 x 2048,8.445 mm x 7.065 mm,Global Shutter,"2/3""",5.01 MPix,3.5 µm,No,GV-5281SE-C-HQGV-5281SE-M-GL
UI-5282SE-C Rev.4: AB02135UI-5282SE-M Rev.4: AB02136,UI-5282SE Rev. 4,SE,GigE,CMOS,Sony,23.0 fps,2456 x 2054,8.473 mm x 7.086 mm,Global Shutter,"2/3""",5.04 MPix,3.5 µm,No,UI-5282SE-C Rev.4UI-5282SE-M Rev.4
GV-5282SE-C: AB02159GV-5282SE-M: AB02160,GV-5282SE,SE,GigE,CMOS,Sony,22.0 fps,2448 x 2048,8.445 mm x 7.065 mm,Global Shutter,"2/3""",5.01 MPix,3.5 µm,No,GV-5282SE-CGV-5282SE-M
UI-5290FA-C-HQ: AB02230UI-5290FA-M-GL: AB02231,UI-5290FA,FA,GigE,CMOS,Sony,12.0 fps,4104 x 2174,14.158 mm x 7.500 mm,Global Shutter,"1""",8.92 MPix,3.5 µm,IP65/67,UI-5290FA-C-HQUI-5290FA-M-GL
GV-5290FA-C-HQ: AB02240GV-5290FA-M-GL: AB02241,GV-5290FA,FA,GigE,CMOS,Sony,13.0 fps,4096 x 2160,14.131 mm x 7.452 mm,Global Shutter,"1""",8.85 MPix,3.5 µm,IP65/67,GV-5290FA-C-HQGV-5290FA-M-GL
UI-5290SE-C-HQ Rev.4: AB02264UI-5290SE-M-GL Rev.4: AB02265,UI-5290SE Rev. 4,SE,GigE,CMOS,Sony,12.0 fps,4104 x 2174,14.158 mm x 7.500 mm,Global Shutter,"1""",8.92 MPix,3.5 µm,IP30,UI-5290SE-C-HQ Rev.4UI-5290SE-M-GL Rev.4
GV-5290SE-C-HQ: AB02289GV-5290SE-M-GL: AB02290,GV-5290SE,SE,GigE,CMOS,Sony,12.0 fps,4096 x 2160,14.131 mm x 7.452 mm,Global Shutter,"1""",8.85 MPix,3.5 µm,IP30,GV-5290SE-C-HQGV-5290SE-M-GL
UI-5291SE-C-HQ Rev.4: AB02266UI-5291SE-M-GL Rev.4: AB02267,UI-5291SE Rev. 4,SE,GigE,CMOS,Sony,12.0 fps,4104 x 2174,14.158 mm x 7.500 mm,Global Shutter,"1""",8.92 MPix,3.5 µm,No,UI-5291SE-C-HQ Rev.4UI-5291SE-M-GL Rev.4
GV-5291SE-C-HQ: AB02291GV-5291SE-M-GL: AB02292,GV-5291SE,SE,GigE,CMOS,Sony,12.0 fps,4096 x 2160,14.131 mm x 7.452 mm,Global Shutter,"1""",8.85 MPix,3.5 µm,No,GV-5291SE-C-HQGV-5291SE-M-GL
UI-5292SE-C Rev.4: AB02268UI-5292SE-M Rev.4: AB02269,UI-5292SE Rev. 4,SE,GigE,CMOS,Sony,12.0 fps,4104 x 2174,14.158 mm x 7.500 mm,Global Shutter,"1""",8.92 MPix,3.5 µm,No,UI-5292SE-C Rev.4UI-5292SE-M Rev.4
GV-5292SE-C: AB02293GV-5292SE-M: AB02294,GV-5292SE,SE,GigE,CMOS,Sony,12.0 fps,4096 x 2160,14.131 mm x 7.452 mm,Global Shutter,"1""",8.85 MPix,3.5 µm,No,GV-5292SE-CGV-5292SE-M
UI-5360CP-C-HQ: AB00477UI-5360CP-M-GL: AB00476UI-5360CP-NIR-GL: AB00480,UI-5360CP,CP,GigE,CMOS,CMOSIS,36.0 fps,2048 x 1088,11.264 mm x 5.984 mm,Global Shutter,"2/3""",2.23 MPix,5.5 µm,IP30,UI-5360CP-C-HQUI-5360CP-M-GLUI-5360CP-NIR-GL
UI-5370CP-C-HQ Rev.2: AB00923UI-5370CP-M-GL Rev.2: AB00922,UI-5370CP Rev. 2,CP,GigE,CMOS,CMOSIS,28.0 fps,2048 x 2048,11.264 mm x 11.264 mm,Global Shutter,"1""",4.19 MPix,5.5 µm,IP30,UI-5370CP-C-HQ Rev.2UI-5370CP-M-GL Rev.2
AB00304,UI-5460RE PoE,RE,GigE,CMOS,ON Semiconductor,15.7 fps,2048 x 1536,6.554 mm x 4.915 mm,Rolling Shutter,"1/2""",3.15 MPix,3.2 µm,IP65/67,UI-5460RE-C-HQ PoE Rev.2
AB.0010.1.37202.24,UI-5460SE,SE,GigE,CMOS,ON Semiconductor,15.7 fps,2048 x 1536,6.554 mm x 4.915 mm,Rolling Shutter,"1/2""",3.15 MPix,3.2 µm,IP30,UI-5460SE-C-HQ Rev.2
AB02044,UI-5480CP Rev. 2,CP,GigE,CMOS,ON Semiconductor,15.0 fps,2560 x 1920,5.632 mm x 4.224 mm,"Global Start Shutter, Rolling Shutter","1/2""",4.92 MPix,2.2 µm,IP30,UI-5480CP-M-GL Rev.2
AB02031,GV-5480CP,CP,GigE,CMOS,ON Semiconductor,15.0 fps,2560 x 1920,5.632 mm x 4.224 mm,"Global Start Shutter, Rolling Shutter","1/2""",4.92 MPix,2.2 µm,IP30,GV-5480CP-M-GL
AB02313,UI-5480FA,FA,GigE,CMOS,ON Semiconductor,15.0 fps,2560 x 1920,5.632 mm x 4.224 mm,"Global Start Shutter, Rolling Shutter","1/2""",4.92 MPix,2.2 µm,IP65/67,UI-5480FA-M-GL
AB02329,GV-5480FA,FA,GigE,CMOS,ON Semiconductor,15.0 fps,2560 x 1920,5.632 mm x 4.224 mm,"Global Start Shutter, Rolling Shutter","1/2""",4.92 MPix,2.2 µm,IP65/67,GV-5480FA-M-GL
AB.0010.1.37402.23,UI-5480SE,SE,GigE,CMOS,ON Semiconductor,14.1 fps,2560 x 1920,5.632 mm x 4.224 mm,"Global Start Shutter, Rolling Shutter","1/2""",4.92 MPix,2.2 µm,IP30,UI-5480SE-M-GL Rev.2
AB02323,GV-5480SE,SE,GigE,CMOS,ON Semiconductor,15.0 fps,2560 x 1920,5.632 mm x 4.224 mm,"Global Start Shutter, Rolling Shutter","1/2""",4.92 MPix,2.2 µm,IP30,GV-5480SE-M-GL
AB00447,UI-5481LE,LE,GigE,CMOS,ON Semiconductor,14.1 fps,2560 x 1920,5.632 mm x 4.224 mm,"Global Start Shutter, Rolling Shutter","1/2""",4.92 MPix,2.2 µm,No,UI-5481LE-M
AB02213,UI-5481LE-MB,LE,GigE,CMOS,ON Semiconductor,14.1 fps,2560 x 1920,5.632 mm x 4.224 mm,"Global Start Shutter, Rolling Shutter","1/2""",4.92 MPix,2.2 µm,No,UI-5481LE-M-MB
AB02324,GV-5481SE,SE,GigE,CMOS,ON Semiconductor,15.0 fps,2560 x 1920,5.632 mm x 4.224 mm,"Global Start Shutter, Rolling Shutter","1/2""",4.92 MPix,2.2 µm,No,GV-5481SE-M-GL
AB00449,UI-5482LE,LE,GigE,CMOS,ON Semiconductor,14.1 fps,2560 x 1920,5.632 mm x 4.224 mm,"Global Start Shutter, Rolling Shutter","1/2""",4.92 MPix,2.2 µm,No,UI-5482LE-M
AB02214,UI-5482LE-MB,LE,GigE,CMOS,ON Semiconductor,14.1 fps,2560 x 1920,5.632 mm x 4.224 mm,"Global Start Shutter, Rolling Shutter","1/2""",4.92 MPix,2.2 µm,No,UI-5482LE-M-MB
AB02325,GV-5482SE,SE,GigE,CMOS,ON Semiconductor,15.0 fps,2560 x 1920,5.632 mm x 4.224 mm,"Global Start Shutter, Rolling Shutter","1/2""",4.92 MPix,2.2 µm,No,GV-5482SE-M
AB00468,UI-5484LE,LE,GigE,CMOS,ON Semiconductor,14.1 fps,2560 x 1920,5.632 mm x 4.224 mm,"Global Start Shutter, Rolling Shutter","1/2""",4.92 MPix,2.2 µm,No,UI-5484LE-M-GL
AB02215,UI-5484LE-MB,LE,GigE,CMOS,ON Semiconductor,14.1 fps,2560 x 1920,5.632 mm x 4.224 mm,"Global Start Shutter, Rolling Shutter","1/2""",4.92 MPix,2.2 µm,No,UI-5484LE-M-GL-MB
UI-5490RE-C-HQ PoE Rev.2: AB00307UI-5490RE-M-GL PoE Rev.2: AB00308,UI-5490RE PoE,RE,GigE,CMOS,ON Semiconductor,6.1 fps,3840 x 2748,6.413 mm x 4.589 mm,Rolling Shutter,"1/2""",10.55 MPix,1.7 µm,IP65/67,UI-5490RE-C-HQ PoE Rev.2UI-5490RE-M-GL PoE Rev.2
UI-5490SE-C-HQ Rev.2: AB.0010.1.41902.24UI-5490SE-M-GL Rev.2: AB.0010.1.52802.23,UI-5490SE,SE,GigE,CMOS,ON Semiconductor,6.1 fps,3840 x 2748,6.413 mm x 4.589 mm,Rolling Shutter,"1/2""",10.55 MPix,1.7 µm,IP30,UI-5490SE-C-HQ Rev.2UI-5490SE-M-GL Rev.2
AB00311,UI-5540RE PoE,RE,GigE,CMOS,ON Semiconductor,35.5 fps,1280 x 1024,6.656 mm x 5.325 mm,Rolling Shutter,"1/2""",1.31 MPix,5.2 µm,IP65/67,UI-5540RE-M-GL PoE Rev.2
AB.0010.1.36902.23,UI-5540SE,SE,GigE,CMOS,ON Semiconductor,35.5 fps,1280 x 1024,6.656 mm x 5.325 mm,Rolling Shutter,"1/2""",1.31 MPix,5.2 µm,IP30,UI-5540SE-M-GL Rev.2
AB00309,UI-5550RE PoE,RE,GigE,CMOS,ON Semiconductor,23.8 fps,1600 x 1200,4.480 mm x 3.360 mm,Rolling Shutter,"1/3""",1.92 MPix,2.8 µm,IP65/67,UI-5550RE-C-HQ PoE Rev.2
AB.0010.1.37102.24,UI-5550SE,SE,GigE,CMOS,ON Semiconductor,23.8 fps,1600 x 1200,4.480 mm x 3.360 mm,Rolling Shutter,"1/3""",1.92 MPix,2.8 µm,IP30,UI-5550SE-C-HQ Rev.2
AB02045,UI-5580CP Rev. 2,CP,GigE,CMOS,ON Semiconductor,15.0 fps,2560 x 1920,5.632 mm x 4.224 mm,"Global Start Shutter, Rolling Shutter","1/2""",4.92 MPix,2.2 µm,IP30,UI-5580CP-C-HQ Rev.2
AB02032,GV-5580CP,CP,GigE,CMOS,ON Semiconductor,15.0 fps,2560 x 1920,5.632 mm x 4.224 mm,"Global Start Shutter, Rolling Shutter","1/2""",4.92 MPix,2.2 µm,IP30,GV-5580CP-C-HQ
AB02314,UI-5580FA,FA,GigE,CMOS,ON Semiconductor,15.0 fps,2560 x 1920,5.632 mm x 4.224 mm,"Global Start Shutter, Rolling Shutter","1/2""",4.92 MPix,2.2 µm,IP65/67,UI-5580FA-C-HQ
AB02330,GV-5580FA,FA,GigE,CMOS,ON Semiconductor,15.0 fps,2560 x 1920,5.632 mm x 4.224 mm,"Global Start Shutter, Rolling Shutter","1/2""",4.92 MPix,2.2 µm,IP65/67,GV-5580FA-C-HQ
AB00092,UI-5580SE,SE,GigE,CMOS,ON Semiconductor,14.1 fps,2560 x 1920,5.632 mm x 4.224 mm,"Global Start Shutter, Rolling Shutter","1/2""",4.92 MPix,2.2 µm,IP30,UI-5580SE-C-HQ Rev.2
AB02326,GV-5580SE,SE,GigE,CMOS,ON Semiconductor,15.0 fps,2560 x 1920,5.632 mm x 4.224 mm,"Global Start Shutter, Rolling Shutter","1/2""",4.92 MPix,2.2 µm,IP30,GV-5580SE-C-HQ
AB00448,UI-5581LE,LE,GigE,CMOS,ON Semiconductor,14.1 fps,2560 x 1920,5.632 mm x 4.224 mm,"Global Start Shutter, Rolling Shutter","1/2""",4.92 MPix,2.2 µm,No,UI-5581LE-C
AB02216,UI-5581LE-MB,LE,GigE,CMOS,ON Semiconductor,14.1 fps,2560 x 1920,5.632 mm x 4.224 mm,"Global Start Shutter, Rolling Shutter","1/2""",4.92 MPix,2.2 µm,No,UI-5581LE-C-MB
AB02327,GV-5581SE,SE,GigE,CMOS,ON Semiconductor,15.0 fps,2560 x 1920,5.632 mm x 4.224 mm,"Global Start Shutter, Rolling Shutter","1/2""",4.92 MPix,2.2 µm,No,GV-5581SE-C-HQ
AB00450,UI-5582LE,LE,GigE,CMOS,ON Semiconductor,14.1 fps,2560 x 1920,5.632 mm x 4.224 mm,"Global Start Shutter, Rolling Shutter","1/2""",4.92 MPix,2.2 µm,No,UI-5582LE-C
AB02217,UI-5582LE-MB,LE,GigE,CMOS,ON Semiconductor,14.1 fps,2560 x 1920,5.632 mm x 4.224 mm,"Global Start Shutter, Rolling Shutter","1/2""",4.92 MPix,2.2 µm,No,UI-5582LE-C-MB
AB02328,GV-5582SE,SE,GigE,CMOS,ON Semiconductor,15.0 fps,2560 x 1920,5.632 mm x 4.224 mm,"Global Start Shutter, Rolling Shutter","1/2""",4.92 MPix,2.2 µm,No,GV-5582SE-C
AB00469,UI-5584LE,LE,GigE,CMOS,ON Semiconductor,14.1 fps,2560 x 1920,5.632 mm x 4.224 mm,"Global Start Shutter, Rolling Shutter","1/2""",4.92 MPix,2.2 µm,No,UI-5584LE-C-HQ
AB02218,UI-5584LE-MB,LE,GigE,CMOS,ON Semiconductor,14.1 fps,2560 x 1920,5.632 mm x 4.224 mm,"Global Start Shutter, Rolling Shutter","1/2""",4.92 MPix,2.2 µm,No,UI-5584LE-C-HQ-MB
AB.0010.1.37002.24,UI-5640SE,SE,GigE,CMOS,ON Semiconductor,25.0 fps,1280 x 1024,4.608 mm x 3.686 mm,Rolling Shutter,"1/3""",1.31 MPix,3.6 µm,IP30,UI-5640SE-C-HQ Rev.2
UI-5860CP-C-HQ Rev.2: AB02038UI-5860CP-M-GL Rev.2: AB02039,UI-5860CP Rev. 2,CP,GigE,CMOS,Sony,53.0 fps,1936 x 1096,5.610 mm x 3.175 mm,Rolling Shutter,"1/2.8""",2.12 MPix,2.9 µm,IP30,UI-5860CP-C-HQ Rev.2UI-5860CP-M-GL Rev.2
GV-5860CP-C-HQ: AB02025GV-5860CP-M-GL: AB02026,GV-5860CP,CP,GigE,CMOS,Sony,53.0 fps,1936 x 1096,5.610 mm x 3.175 mm,Rolling Shutter,"1/2.8""",2.12 MPix,2.9 µm,IP30,GV-5860CP-C-HQGV-5860CP-M-GL
UI-5860FA-C-HQ: AB02577UI-5860FA-M-GL: AB02578,UI-5860FA,FA,GigE,CMOS,Sony,53.0 fps,1936 x 1096,5.610 mm x 3.175 mm,Rolling Shutter,"1/2.8""",2.12 MPix,2.9 µm,IP65/67,UI-5860FA-C-HQUI-5860FA-M-GL
GV-5860FA-C-HQ: AB02558GV-5860FA-M-GL: AB02559,GV-5860FA,FA,GigE,CMOS,Sony,53.0 fps,1936 x 1096,5.610 mm x 3.175 mm,Rolling Shutter,"1/2.8""",2.12 MPix,2.9 µm,IP65/67,GV-5860FA-C-HQGV-5860FA-M-GL
UI-5860SE-C-HQ Rev.4: AB02581UI-5860SE-M-GL Rev.4: AB02582,UI-5860SE Rev. 4,SE,GigE,CMOS,Sony,53.0 fps,1936 x 1096,5.610 mm x 3.175 mm,Rolling Shutter,"1/2.8""",2.12 MPix,2.9 µm,IP30,UI-5860SE-C-HQ Rev.4UI-5860SE-M-GL Rev.4
Error 'Item number' occurred
UI-5861SE-C-HQ Rev.4: AB02583UI-5861SE-M-GL Rev.4: AB02584,UI-5861SE Rev. 4,SE,GigE,CMOS,Sony,53.0 fps,1936 x 1096,5.610 mm x 3.175 mm,Rolling Shutter,"1/2.8""",2.12 MPix,2.9 µm,No,UI-5861SE-C-HQ Rev.4UI-5861SE-M-GL Rev.4
GV-5861SE-C-HQ: AB02566GV-5861SE-M-GL: AB02567,GV-5861SE,SE,GigE,CMOS,Sony,53.0 fps,1936 x 1096,5.610 mm x 3.175 mm,Rolling Shutter,"1/2.8""",2.12 MPix,2.9 µm,No,GV-5861SE-C-HQGV-5861SE-M-GL
UI-5862SE-C Rev.4: AB02585UI-5862SE-M Rev.4: AB02586,UI-5862SE Rev. 4,SE,GigE,CMOS,Sony,53.0 fps,1936 x 1096,5.610 mm x 3.175 mm,Rolling Shutter,"1/2.8""",2.12 MPix,2.9 µm,No,UI-5862SE-C Rev.4UI-5862SE-M Rev.4
GV-5862SE-C: AB02568GV-5862SE-M: AB02569,GV-5862SE,SE,GigE,CMOS,Sony,53.0 fps,1936 x 1096,5.610 mm x 3.175 mm,Rolling Shutter,"1/2.8""",2.12 MPix,2.9 µm,No,GV-5862SE-CGV-5862SE-M
UI-5880CP-C-HQ Rev.2: AB00925UI-5880CP-M-GL Rev.2: AB00924,UI-5880CP Rev. 2,CP,GigE,CMOS,Sony,18.0 fps,3088 x 2076,7.410 mm x 4.980 mm,Rolling Shutter,"1/1.8""",6.41 MPix,2.4 µm,IP30,UI-5880CP-C-HQ Rev.2UI-5880CP-M-GL Rev.2
GV-5880CP-C-HQ: AB02023GV-5880CP-M-GL: AB02024,GV-5880CP,CP,GigE,CMOS,Sony,18.0 fps,3088 x 2076,7.410 mm x 4.980 mm,Rolling Shutter,"1/1.8""",6.41 MPix,2.4 µm,IP30,GV-5880CP-C-HQGV-5880CP-M-GL
UI-5880FA-C-HQ: AB02579UI-5880FA-M-GL: AB02580,UI-5880FA,FA,GigE,CMOS,Sony,18.0 fps,3088 x 2076,7.410 mm x 4.980 mm,Rolling Shutter,"1/1.8""",6.41 MPix,2.4 µm,IP65/67,UI-5880FA-C-HQUI-5880FA-M-GL
GV-5880FA-C-HQ: AB02560GV-5880FA-M-GL: AB02561,GV-5880FA,FA,GigE,CMOS,Sony,18.0 fps,3088 x 2076,7.410 mm x 4.980 mm,Rolling Shutter,"1/1.8""",6.41 MPix,2.4 µm,IP65/67,GV-5880FA-C-HQGV-5880FA-M-GL
UI-5880SE-C-HQ Rev.4: AB02587UI-5880SE-M-GL Rev.4: AB02588,UI-5880SE Rev. 4,SE,GigE,CMOS,Sony,18.0 fps,3088 x 2076,7.410 mm x 4.980 mm,Rolling Shutter,"1/1.8""",6.41 MPix,2.4 µm,IP30,UI-5880SE-C-HQ Rev.4UI-5880SE-M-GL Rev.4
GV-5880SE-C-HQ: AB02564GV-5880SE-M-GL: AB02565,GV-5880SE,SE,GigE,CMOS,Sony,18.0 fps,3088 x 2076,7.410 mm x 4.980 mm,Rolling Shutter,"1/1.8""",6.41 MPix,2.4 µm,IP30,GV-5880SE-C-HQGV-5880SE-M-GL
UI-5881SE-C-HQ Rev.4: AB02589UI-5881SE-M-GL Rev.4: AB02590,UI-5881SE Rev. 4,SE,GigE,CMOS,Sony,18.0 fps,3088 x 2076,7.410 mm x 4.980 mm,Rolling Shutter,"1/1.8""",6.41 MPix,2.4 µm,No,UI-5881SE-C-HQ Rev.4UI-5881SE-M-GL Rev.4
GV-5881SE-C-HQ: AB02570GV-5881SE-M-GL: AB02571,GV-5881SE,SE,GigE,CMOS,Sony,18.0 fps,3088 x 2076,7.410 mm x 4.980 mm,Rolling Shutter,"1/1.8""",6.41 MPix,2.4 µm,No,GV-5881SE-C-HQGV-5881SE-M-GL
UI-5882SE-C Rev.4: AB02591UI-5882SE-M Rev.4: AB02592,UI-5882SE Rev. 4,SE,GigE,CMOS,Sony,18.0 fps,3088 x 2076,7.410 mm x 4.980 mm,Rolling Shutter,"1/1.8""",6.41 MPix,2.4 µm,No,UI-5882SE-C Rev.4UI-5882SE-M Rev.4
GV-5882SE-C: AB02572GV-5882SE-M: AB02573,GV-5882SE,SE,GigE,CMOS,Sony,18.0 fps,3088 x 2076,7.410 mm x 4.980 mm,Rolling Shutter,"1/1.8""",6.41 MPix,2.4 µm,No,GV-5882SE-CGV-5882SE-M
AB00391,uEye XS 2,XS,USB 2.0,CMOS,ON Semiconductor,15.0 fps,2592 x 1944,3.620 mm x 2.720 mm,Rolling Shutter,"1/4""",5.04 MPix,1.4 µm,IP30,uEye XS 2
AL00035,uEye XS Starter kit,XS,USB 2.0,CMOS,ON Semiconductor,15.0 fps,2592 x 1944,3.620 mm x 2.720 mm,Rolling Shutter,"1/4""",5.04 MPix,1.4 µm,IP30,uEye XS Starter kit
